method,horizon_min,nominal,scope,n,PICP,ACE,PINAW,Winkler
icp,5,0.8,all,39432,0.7667,-0.0333,0.0725,323.12
icp,5,0.8,clear,20994,0.9167,0.1167,0.0801,149.14
icp,5,0.8,transitional,14850,0.5237,-0.2763,0.0725,611.72
icp,5,0.8,cloudy,3588,0.8944,0.0944,0.0896,146.68
icp_norm,5,0.8,all,39432,0.7775,-0.0225,0.0977,324.22
icp_norm,5,0.8,clear,20994,0.9074,0.1074,0.1122,198.92
icp_norm,5,0.8,transitional,14850,0.5545,-0.2455,0.0933,541.56
icp_norm,5,0.8,cloudy,3588,0.9401,0.1401,0.1152,157.87
mondrian,5,0.8,all,39432,0.7959,-0.0041,0.0822,267.16
mondrian,5,0.8,clear,20994,0.8099,0.0099,0.0235,120.92
mondrian,5,0.8,transitional,14850,0.7718,-0.0282,0.1764,504.82
mondrian,5,0.8,cloudy,3588,0.8133,0.0133,0.0613,139.26
cqr,5,0.8,all,39432,0.8059,0.0059,0.1003,230.05
cqr,5,0.8,clear,20994,0.8275,0.0275,0.0529,131.45
cqr,5,0.8,transitional,14850,0.7657,-0.0343,0.1813,390.42
cqr,5,0.8,cloudy,3588,0.8464,0.0464,0.0901,143.27
mondrian_cqr,5,0.8,all,39432,0.8064,0.0064,0.1015,229.76
mondrian_cqr,5,0.8,clear,20994,0.8174,0.0174,0.0525,131.4
mondrian_cqr,5,0.8,transitional,14850,0.785,-0.015,0.1852,389.8
mondrian_cqr,5,0.8,cloudy,3588,0.8308,0.0308,0.0886,142.95
aci,5,0.8,all,39432,0.8115,0.0115,0.1103,244.55
aci,5,0.8,clear,20994,0.8077,0.0077,0.0342,88.35
aci,5,0.8,transitional,14850,0.8056,0.0056,0.2336,491.98
aci,5,0.8,cloudy,3588,0.8587,0.0587,0.0802,134.39
aci_regime,5,0.8,all,39432,0.8083,0.0083,0.1064,241.91
aci_regime,5,0.8,clear,20994,0.7852,-0.0148,0.0384,99.06
aci_regime,5,0.8,transitional,14850,0.8369,0.0369,0.2206,470.27
aci_regime,5,0.8,cloudy,3588,0.8255,0.0255,0.066,132.58
aci_g0.01,5,0.8,all,39432,0.8102,0.0102,0.0841,272.92
aci_g0.02,5,0.8,all,39432,0.815,0.015,0.0932,254.43
aci_g0.05,5,0.8,all,39432,0.8115,0.0115,0.1103,244.55
aci_g0.1,5,0.8,all,39432,0.8089,0.0089,0.1361,264.37
icp,5,0.9,all,39432,0.878,-0.022,0.1444,468.84
icp,5,0.9,clear,20994,0.978,0.078,0.1608,246.72
icp,5,0.9,transitional,14850,0.7142,-0.1858,0.1441,841.0
icp,5,0.9,cloudy,3588,0.9707,0.0707,0.1715,228.18
icp_norm,5,0.9,all,39432,0.8901,-0.0099,0.2154,468.14
icp_norm,5,0.9,clear,20994,0.9398,0.0398,0.2488,379.63
icp_norm,5,0.9,transitional,14850,0.7972,-0.1028,0.2064,636.87
icp_norm,5,0.9,cloudy,3588,0.9836,0.0836,0.2403,287.71
mondrian,5,0.9,all,39432,0.8887,-0.0113,0.138,369.8
mondrian,5,0.9,clear,20994,0.8918,-0.0082,0.0578,196.23
mondrian,5,0.9,transitional,14850,0.8807,-0.0193,0.2739,657.45
mondrian,5,0.9,cloudy,3588,0.9041,0.0041,0.096,194.92
cqr,5,0.9,all,39432,0.8982,-0.0018,0.1454,310.93
cqr,5,0.9,clear,20994,0.9035,0.0035,0.0817,202.92
cqr,5,0.9,transitional,14850,0.8785,-0.0215,0.2465,480.76
cqr,5,0.9,cloudy,3588,0.9487,0.0487,0.1813,240.0
mondrian_cqr,5,0.9,all,39432,0.899,-0.001,0.1465,309.97
mondrian_cqr,5,0.9,clear,20994,0.8978,-0.0022,0.0782,202.89
mondrian_cqr,5,0.9,transitional,14850,0.897,-0.003,0.2559,479.22
mondrian_cqr,5,0.9,cloudy,3588,0.9136,0.0136,0.1708,236.04
aci,5,0.9,all,39432,0.9157,0.0157,0.175,341.16
aci,5,0.9,clear,20994,0.9188,0.0188,0.0684,143.89
aci,5,0.9,transitional,14850,0.9044,0.0044,0.3511,655.23
aci,5,0.9,cloudy,3588,0.9445,0.0445,0.1346,195.49
aci_regime,5,0.9,all,39432,0.9083,0.0083,0.1659,327.04
aci_regime,5,0.9,clear,20994,0.8966,-0.0034,0.0678,148.86
aci_regime,5,0.9,transitional,14850,0.9237,0.0237,0.3328,611.38
aci_regime,5,0.9,cloudy,3588,0.913,0.013,0.1086,192.81
aci_g0.01,5,0.9,all,39432,0.9126,0.0126,0.1652,377.2
aci_g0.02,5,0.9,all,39432,0.9176,0.0176,0.1679,352.2
aci_g0.05,5,0.9,all,39432,0.9157,0.0157,0.175,341.16
aci_g0.1,5,0.9,all,39432,0.9099,0.0099,0.1969,356.23
icp,5,0.95,all,39432,0.9353,-0.0147,0.235,625.43
icp,5,0.95,clear,20994,0.9899,0.0399,0.2641,382.04
icp,5,0.95,transitional,14850,0.8449,-0.1051,0.2342,1043.0
icp,5,0.95,cloudy,3588,0.9897,0.0397,0.264,321.32
icp_norm,5,0.95,all,39432,0.9471,-0.0029,0.3625,630.98
icp_norm,5,0.95,clear,20994,0.9585,0.0085,0.4233,609.78
icp_norm,5,0.95,transitional,14850,0.9202,-0.0298,0.3487,712.41
icp_norm,5,0.95,cloudy,3588,0.9919,0.0419,0.3667,418.01
mondrian,5,0.95,all,39432,0.9436,-0.0064,0.208,474.18
mondrian,5,0.95,clear,20994,0.9447,-0.0053,0.1149,277.19
mondrian,5,0.95,transitional,14850,0.9403,-0.0097,0.3789,803.53
mondrian,5,0.95,cloudy,3588,0.9509,0.0009,0.1349,263.69
cqr,5,0.95,all,39432,0.9489,-0.0011,0.2237,403.8
cqr,5,0.95,clear,20994,0.9396,-0.0104,0.1453,282.56
cqr,5,0.95,transitional,14850,0.9516,0.0016,0.3392,575.66
cqr,5,0.95,cloudy,3588,0.9925,0.0425,0.3579,401.94
mondrian_cqr,5,0.95,all,39432,0.9491,-0.0009,0.2253,398.81
mondrian_cqr,5,0.95,clear,20994,0.9499,-0.0001,0.1637,280.11
mondrian_cqr,5,0.95,transitional,14850,0.9451,-0.0049,0.3307,576.25
mondrian_cqr,5,0.95,cloudy,3588,0.9607,0.0107,0.3005,358.91
aci,5,0.95,all,39432,0.9635,0.0135,0.257,454.52
aci,5,0.95,clear,20994,0.967,0.017,0.1369,240.32
aci,5,0.95,transitional,14850,0.9545,0.0045,0.4665,802.06
aci,5,0.95,cloudy,3588,0.9799,0.0299,0.2102,269.47
aci_regime,5,0.95,all,39432,0.9558,0.0058,0.2287,421.69
aci_regime,5,0.95,clear,20994,0.95,-0.0,0.1079,217.59
aci_regime,5,0.95,transitional,14850,0.9638,0.0138,0.4375,745.29
aci_regime,5,0.95,cloudy,3588,0.9562,0.0062,0.1638,276.59
aci_g0.01,5,0.95,all,39432,0.9657,0.0157,0.254,488.3
aci_g0.02,5,0.95,all,39432,0.9672,0.0172,0.2566,472.02
aci_g0.05,5,0.95,all,39432,0.9635,0.0135,0.257,454.52
aci_g0.1,5,0.95,all,39432,0.9589,0.0089,0.2733,470.74
icp,60,0.8,all,35424,0.7541,-0.0459,0.1603,534.58
icp,60,0.8,clear,19202,0.933,0.133,0.1771,316.89
icp,60,0.8,transitional,13017,0.52,-0.28,0.1602,841.3
icp,60,0.8,cloudy,3205,0.6334,-0.1666,0.1835,593.1
icp_norm,60,0.8,all,35424,0.7777,-0.0223,0.2367,524.96
icp_norm,60,0.8,clear,19202,0.8995,0.0995,0.2635,413.92
icp_norm,60,0.8,transitional,13017,0.5988,-0.2012,0.2348,696.44
icp_norm,60,0.8,cloudy,3205,0.7741,-0.0259,0.2666,493.8
mondrian,60,0.8,all,35424,0.7926,-0.0074,0.1703,442.11
mondrian,60,0.8,clear,19202,0.8139,0.0139,0.0798,266.16
mondrian,60,0.8,transitional,13017,0.7711,-0.0289,0.3052,677.74
mondrian,60,0.8,cloudy,3205,0.7523,-0.0477,0.2456,539.26
cqr,60,0.8,all,35424,0.8217,0.0217,0.1817,369.02
cqr,60,0.8,clear,19202,0.8366,0.0366,0.0911,222.28
cqr,60,0.8,transitional,13017,0.791,-0.009,0.3008,554.88
cqr,60,0.8,cloudy,3205,0.8574,0.0574,0.3436,493.35
mondrian_cqr,60,0.8,all,35424,0.8211,0.0211,0.1819,368.67
mondrian_cqr,60,0.8,clear,19202,0.8359,0.0359,0.0909,222.24
mondrian_cqr,60,0.8,transitional,13017,0.8029,0.0029,0.3053,554.76
mondrian_cqr,60,0.8,cloudy,3205,0.8062,0.0062,0.3264,490.19
aci,60,0.8,all,35424,0.8271,0.0271,0.1857,349.64
aci,60,0.8,clear,19202,0.8172,0.0172,0.0934,194.93
aci,60,0.8,transitional,13017,0.8411,0.0411,0.3242,560.13
aci,60,0.8,cloudy,3205,0.83,0.03,0.268,421.64
aci_regime,60,0.8,all,35424,0.8179,0.0179,0.1875,367.19
aci_regime,60,0.8,clear,19202,0.7933,-0.0067,0.091,200.51
aci_regime,60,0.8,transitional,13017,0.852,0.052,0.3338,592.64
aci_regime,60,0.8,cloudy,3205,0.8271,0.0271,0.2621,450.15
aci_g0.01,60,0.8,all,35424,0.8235,0.0235,0.1859,424.87
aci_g0.02,60,0.8,all,35424,0.8363,0.0363,0.1867,384.39
aci_g0.05,60,0.8,all,35424,0.8271,0.0271,0.1857,349.64
aci_g0.1,60,0.8,all,35424,0.819,0.019,0.1986,354.53
icp,60,0.9,all,35424,0.8732,-0.0268,0.2832,696.55
icp,60,0.9,clear,19202,0.9685,0.0685,0.315,503.28
icp,60,0.9,transitional,13017,0.7373,-0.1627,0.2826,984.13
icp,60,0.9,cloudy,3205,0.8543,-0.0457,0.3121,686.42
icp_norm,60,0.9,all,35424,0.8932,-0.0068,0.3912,685.42
icp_norm,60,0.9,clear,19202,0.9343,0.0343,0.4383,634.89
icp_norm,60,0.9,transitional,13017,0.8232,-0.0768,0.39,778.97
icp_norm,60,0.9,cloudy,3205,0.931,0.031,0.4127,608.16
mondrian,60,0.9,all,35424,0.8974,-0.0026,0.2512,573.43
mondrian,60,0.9,clear,19202,0.8999,-0.0001,0.1377,401.27
mondrian,60,0.9,transitional,13017,0.8929,-0.0071,0.4234,807.59
mondrian,60,0.9,cloudy,3205,0.9008,0.0008,0.3621,653.87
cqr,60,0.9,all,35424,0.9076,0.0076,0.2667,480.25
cqr,60,0.9,clear,19202,0.9037,0.0037,0.1659,331.11
cqr,60,0.9,transitional,13017,0.8995,-0.0005,0.3899,655.53
cqr,60,0.9,cloudy,3205,0.9641,0.0641,0.5448,661.94
mondrian_cqr,60,0.9,all,35424,0.9057,0.0057,0.2665,478.54
mondrian_cqr,60,0.9,clear,19202,0.9058,0.0058,0.1682,331.23
mondrian_cqr,60,0.9,transitional,13017,0.9033,0.0033,0.3941,655.47
mondrian_cqr,60,0.9,cloudy,3205,0.9151,0.0151,0.5064,642.57
aci,60,0.9,all,35424,0.9301,0.0301,0.2589,447.42
aci,60,0.9,clear,19202,0.9315,0.0315,0.1603,289.22
aci,60,0.9,transitional,13017,0.9283,0.0283,0.4182,672.59
aci,60,0.9,cloudy,3205,0.9292,0.0292,0.3425,480.7
aci_regime,60,0.9,all,35424,0.919,0.019,0.2545,453.5
aci_regime,60,0.9,clear,19202,0.9069,0.0069,0.1372,268.74
aci_regime,60,0.9,transitional,13017,0.9354,0.0354,0.4362,709.2
aci_regime,60,0.9,cloudy,3205,0.9248,0.0248,0.3474,521.92
aci_g0.01,60,0.9,all,35424,0.9316,0.0316,0.2943,544.63
aci_g0.02,60,0.9,all,35424,0.9384,0.0384,0.2807,496.62
aci_g0.05,60,0.9,all,35424,0.9301,0.0301,0.2589,447.42
aci_g0.1,60,0.9,all,35424,0.9194,0.0194,0.2657,447.87
icp,60,0.95,all,35424,0.9412,-0.0088,0.4082,841.85
icp,60,0.95,clear,19202,0.9815,0.0315,0.4573,698.8
icp,60,0.95,transitional,13017,0.8812,-0.0688,0.407,1063.62
icp,60,0.95,cloudy,3205,0.9435,-0.0065,0.4311,798.14
icp_norm,60,0.95,all,35424,0.9505,0.0005,0.5497,856.02
icp_norm,60,0.95,clear,19202,0.9566,0.0066,0.6219,857.18
icp_norm,60,0.95,transitional,13017,0.9355,-0.0145,0.55,889.19
icp_norm,60,0.95,cloudy,3205,0.9744,0.0244,0.532,714.33
mondrian,60,0.95,all,35424,0.9464,-0.0036,0.3274,731.46
mondrian,60,0.95,clear,19202,0.943,-0.007,0.2017,589.84
mondrian,60,0.95,transitional,13017,0.9484,-0.0016,0.5221,929.45
mondrian,60,0.95,cloudy,3205,0.9582,0.0082,0.4725,775.82
cqr,60,0.95,all,35424,0.9518,0.0018,0.3597,589.89
cqr,60,0.95,clear,19202,0.9448,-0.0052,0.2716,452.12
cqr,60,0.95,transitional,13017,0.9523,0.0023,0.4826,752.42
cqr,60,0.95,cloudy,3205,0.9913,0.0413,0.6338,755.24
mondrian_cqr,60,0.95,all,35424,0.9518,0.0018,0.3575,586.5
mondrian_cqr,60,0.95,clear,19202,0.9544,0.0044,0.2858,451.61
mondrian_cqr,60,0.95,transitional,13017,0.9451,-0.0049,0.4698,753.97
mondrian_cqr,60,0.95,cloudy,3205,0.9641,0.0141,0.5736,714.45
aci,60,0.95,all,35424,0.9734,0.0234,0.358,586.55
aci,60,0.95,clear,19202,0.9779,0.0279,0.2693,437.37
aci,60,0.95,transitional,13017,0.9677,0.0177,0.5233,809.15
aci,60,0.95,cloudy,3205,0.9697,0.0197,0.4295,576.24
aci_regime,60,0.95,all,35424,0.9645,0.0145,0.3232,549.44
aci_regime,60,0.95,clear,19202,0.9595,0.0095,0.1935,347.14
aci_regime,60,0.95,transitional,13017,0.9712,0.0212,0.5301,829.65
aci_regime,60,0.95,cloudy,3205,0.9672,0.0172,0.4317,623.43
aci_g0.01,60,0.95,all,35424,0.9708,0.0208,0.4032,682.03
aci_g0.02,60,0.95,all,35424,0.9748,0.0248,0.3861,637.7
aci_g0.05,60,0.95,all,35424,0.9734,0.0234,0.358,586.55
aci_g0.1,60,0.95,all,35424,0.9669,0.0169,0.3449,562.07
icp,15,0.8,all,38651,0.7618,-0.0382,0.116,432.36
icp,15,0.8,clear,20711,0.932,0.132,0.1242,218.37
icp,15,0.8,transitional,14420,0.5087,-0.2913,0.116,768.77
icp,15,0.8,cloudy,3520,0.7977,-0.0023,0.1274,313.3
icp_norm,15,0.8,all,38651,0.7786,-0.0214,0.1661,431.17
icp_norm,15,0.8,clear,20711,0.91,0.11,0.1832,300.8
icp_norm,15,0.8,transitional,14420,0.566,-0.234,0.1606,648.91
icp_norm,15,0.8,cloudy,3520,0.8761,0.0761,0.1738,306.18
mondrian,15,0.8,all,38651,0.7979,-0.0021,0.1252,350.57
mondrian,15,0.8,clear,20711,0.8104,0.0104,0.0383,171.87
mondrian,15,0.8,transitional,14420,0.7788,-0.0212,0.2561,616.39
mondrian,15,0.8,cloudy,3520,0.8026,0.0026,0.129,313.05
cqr,15,0.8,all,38651,0.8046,0.0046,0.135,292.89
cqr,15,0.8,clear,20711,0.8294,0.0294,0.0557,152.99
cqr,15,0.8,transitional,14420,0.7616,-0.0384,0.2469,489.91
cqr,15,0.8,cloudy,3520,0.8352,0.0352,0.1853,308.93
mondrian_cqr,15,0.8,all,38651,0.8075,0.0075,0.137,292.32
mondrian_cqr,15,0.8,clear,20711,0.8175,0.0175,0.0549,152.87
mondrian_cqr,15,0.8,transitional,14420,0.79,-0.01,0.2543,488.69
mondrian_cqr,15,0.8,cloudy,3520,0.8205,0.0205,0.1818,308.33
aci,15,0.8,all,38651,0.8174,0.0174,0.1484,302.79
aci,15,0.8,clear,20711,0.8103,0.0103,0.0507,127.79
aci,15,0.8,transitional,14420,0.8236,0.0236,0.2987,561.52
aci,15,0.8,cloudy,3520,0.8332,0.0332,0.1433,272.5
aci_regime,15,0.8,all,38651,0.81,0.01,0.1447,307.36
aci_regime,15,0.8,clear,20711,0.7858,-0.0142,0.0496,131.96
aci_regime,15,0.8,transitional,14420,0.8423,0.0423,0.2919,562.44
aci_regime,15,0.8,cloudy,3520,0.8202,0.0202,0.1355,294.42
aci_g0.01,15,0.8,all,38651,0.8109,0.0109,0.1317,357.09
aci_g0.02,15,0.8,all,38651,0.821,0.021,0.137,325.4
aci_g0.05,15,0.8,all,38651,0.8174,0.0174,0.1484,302.79
aci_g0.1,15,0.8,all,38651,0.8124,0.0124,0.167,311.43
icp,15,0.9,all,38651,0.8769,-0.0231,0.2165,595.72
icp,15,0.9,clear,20711,0.9788,0.0788,0.2335,367.0
icp,15,0.9,transitional,14420,0.7179,-0.1821,0.2165,968.88
icp,15,0.9,cloudy,3520,0.929,0.029,0.226,412.78
icp_norm,15,0.9,all,38651,0.8892,-0.0108,0.3029,586.08
icp_norm,15,0.9,clear,20711,0.9423,0.0423,0.3365,507.72
icp_norm,15,0.9,transitional,14420,0.796,-0.104,0.2943,735.6
icp_norm,15,0.9,cloudy,3520,0.9585,0.0585,0.2947,434.53
mondrian,15,0.9,all,38651,0.8898,-0.0102,0.1922,468.56
mondrian,15,0.9,clear,20711,0.8953,-0.0047,0.0873,268.78
mondrian,15,0.9,transitional,14420,0.8821,-0.0179,0.3578,767.69
mondrian,15,0.9,cloudy,3520,0.8895,-0.0105,0.1844,418.67
cqr,15,0.9,all,38651,0.8988,-0.0012,0.1961,383.89
cqr,15,0.9,clear,20711,0.9004,0.0004,0.095,235.09
cqr,15,0.9,transitional,14420,0.8836,-0.0164,0.325,579.86
cqr,15,0.9,cloudy,3520,0.9509,0.0509,0.3375,456.61
mondrian_cqr,15,0.9,all,38651,0.8987,-0.0013,0.1966,382.81
mondrian_cqr,15,0.9,clear,20711,0.8978,-0.0022,0.0932,235.11
mondrian_cqr,15,0.9,transitional,14420,0.8953,-0.0047,0.3324,578.73
mondrian_cqr,15,0.9,cloudy,3520,0.9182,0.0182,0.3206,449.26
aci,15,0.9,all,38651,0.9208,0.0208,0.22,405.55
aci,15,0.9,clear,20711,0.9221,0.0221,0.0978,206.22
aci,15,0.9,transitional,14420,0.9172,0.0172,0.4126,706.7
aci,15,0.9,cloudy,3520,0.9281,0.0281,0.2107,344.69
aci_regime,15,0.9,all,38651,0.9092,0.0092,0.2084,397.08
aci_regime,15,0.9,clear,20711,0.8972,-0.0028,0.0839,190.9
aci_regime,15,0.9,transitional,14420,0.9265,0.0265,0.4018,695.73
aci_regime,15,0.9,cloudy,3520,0.9091,0.0091,0.2023,386.79
aci_g0.01,15,0.9,all,38651,0.924,0.024,0.2298,468.58
aci_g0.02,15,0.9,all,38651,0.9262,0.0262,0.2263,434.47
aci_g0.05,15,0.9,all,38651,0.9208,0.0208,0.22,405.55
aci_g0.1,15,0.9,all,38651,0.9136,0.0136,0.2329,408.9
icp,15,0.95,all,38651,0.9367,-0.0133,0.3243,755.59
icp,15,0.95,clear,20711,0.9882,0.0382,0.353,534.88
icp,15,0.95,transitional,14420,0.8537,-0.0963,0.3241,1128.48
icp,15,0.95,cloudy,3520,0.9733,0.0233,0.3198,526.6
icp_norm,15,0.95,all,38651,0.9453,-0.0047,0.4516,745.81
icp_norm,15,0.95,clear,20711,0.9585,0.0085,0.5067,737.17
icp_norm,15,0.95,transitional,14420,0.9178,-0.0322,0.4404,807.96
icp_norm,15,0.95,cloudy,3520,0.981,0.031,0.4009,542.02
mondrian,15,0.95,all,38651,0.9425,-0.0075,0.2578,594.66
mondrian,15,0.95,clear,20711,0.9464,-0.0036,0.1373,384.71
mondrian,15,0.95,transitional,14420,0.9361,-0.0139,0.4525,910.99
mondrian,15,0.95,cloudy,3520,0.9455,-0.0045,0.2471,534.15
cqr,15,0.95,all,38651,0.9505,0.0005,0.2821,482.57
cqr,15,0.95,clear,20711,0.9407,-0.0093,0.1674,324.68
cqr,15,0.95,transitional,14420,0.9544,0.0044,0.4181,670.17
cqr,15,0.95,cloudy,3520,0.9926,0.0426,0.5228,643.03
mondrian_cqr,15,0.95,all,38651,0.9496,-0.0004,0.2816,477.58
mondrian_cqr,15,0.95,clear,20711,0.9486,-0.0014,0.1821,322.53
mondrian_cqr,15,0.95,transitional,14420,0.9478,-0.0022,0.4083,670.21
mondrian_cqr,15,0.95,cloudy,3520,0.9625,0.0125,0.4688,600.71
aci,15,0.95,all,38651,0.9676,0.0176,0.3083,527.5
aci,15,0.95,clear,20711,0.9705,0.0205,0.1833,329.12
aci,15,0.95,transitional,14420,0.963,0.013,0.5182,833.12
aci,15,0.95,cloudy,3520,0.9693,0.0193,0.2836,442.71
aci_regime,15,0.95,all,38651,0.9569,0.0069,0.2806,497.47
aci_regime,15,0.95,clear,20711,0.9512,0.0012,0.1332,268.33
aci_regime,15,0.95,transitional,14420,0.9652,0.0152,0.513,832.93
aci_regime,15,0.95,cloudy,3520,0.9563,0.0063,0.276,471.49
aci_g0.01,15,0.95,all,38651,0.9669,0.0169,0.3349,602.4
aci_g0.02,15,0.95,all,38651,0.9719,0.0219,0.3269,565.91
aci_g0.05,15,0.95,all,38651,0.9676,0.0176,0.3083,527.5
aci_g0.1,15,0.95,all,38651,0.962,0.012,0.3073,522.67
icp,30,0.8,all,37549,0.7572,-0.0428,0.1366,484.4
icp,30,0.8,clear,20234,0.9403,0.1403,0.1506,259.82
icp,30,0.8,transitional,13900,0.5015,-0.2985,0.1366,824.27
icp,30,0.8,cloudy,3415,0.7127,-0.0873,0.1548,431.63
icp_norm,30,0.8,all,37549,0.7738,-0.0262,0.1986,478.04
icp_norm,30,0.8,clear,20234,0.9086,0.1086,0.2239,351.67
icp_norm,30,0.8,transitional,13900,0.5663,-0.2337,0.1938,682.87
icp_norm,30,0.8,cloudy,3415,0.8205,0.0205,0.2165,393.09
mondrian,30,0.8,all,37549,0.7923,-0.0077,0.1431,392.4
mondrian,30,0.8,clear,20234,0.8085,0.0085,0.0501,207.88
mondrian,30,0.8,transitional,13900,0.7696,-0.0304,0.2809,655.3
mondrian,30,0.8,cloudy,3415,0.7883,-0.0117,0.1876,415.6
cqr,30,0.8,all,37549,0.8173,0.0173,0.1548,324.44
cqr,30,0.8,clear,20234,0.8416,0.0416,0.0665,174.73
cqr,30,0.8,transitional,13900,0.7742,-0.0258,0.2754,524.82
cqr,30,0.8,cloudy,3415,0.8483,0.0483,0.261,395.85
mondrian_cqr,30,0.8,all,37549,0.8187,0.0187,0.1564,323.9
mondrian_cqr,30,0.8,clear,20234,0.8352,0.0352,0.0657,174.52
mondrian_cqr,30,0.8,transitional,13900,0.7987,-0.0013,0.2831,524.11
mondrian_cqr,30,0.8,cloudy,3415,0.8026,0.0026,0.2502,394.09
aci,30,0.8,all,37549,0.8218,0.0218,0.1653,322.98
aci,30,0.8,clear,20234,0.8107,0.0107,0.0655,154.48
aci,30,0.8,transitional,13900,0.8368,0.0368,0.3162,561.97
aci,30,0.8,cloudy,3415,0.8258,0.0258,0.2078,348.53
aci_regime,30,0.8,all,37549,0.8115,0.0115,0.1632,333.68
aci_regime,30,0.8,clear,20234,0.786,-0.014,0.0632,155.86
aci_regime,30,0.8,transitional,13900,0.8465,0.0465,0.3153,583.19
aci_regime,30,0.8,cloudy,3415,0.8199,0.0199,0.1993,371.75
aci_g0.01,30,0.8,all,37549,0.8143,0.0143,0.1578,388.44
aci_g0.02,30,0.8,all,37549,0.8271,0.0271,0.16,352.41
aci_g0.05,30,0.8,all,37549,0.8218,0.0218,0.1653,322.98
aci_g0.1,30,0.8,all,37549,0.8151,0.0151,0.1805,329.12
icp,30,0.9,all,37549,0.8739,-0.0261,0.2492,648.08
icp,30,0.9,clear,20234,0.9754,0.0754,0.2769,429.05
icp,30,0.9,transitional,13900,0.7209,-0.1791,0.2493,996.21
icp,30,0.9,cloudy,3415,0.8955,-0.0045,0.2696,528.84
icp_norm,30,0.9,all,37549,0.8897,-0.0103,0.3443,633.21
icp_norm,30,0.9,clear,20234,0.9402,0.0402,0.3911,568.36
icp_norm,30,0.9,transitional,13900,0.8026,-0.0974,0.3377,757.1
icp_norm,30,0.9,cloudy,3415,0.9444,0.0444,0.349,513.17
mondrian,30,0.9,all,37549,0.8926,-0.0074,0.2196,515.63
mondrian,30,0.9,clear,20234,0.8972,-0.0028,0.1092,320.27
mondrian,30,0.9,transitional,13900,0.8849,-0.0151,0.3915,796.96
mondrian,30,0.9,cloudy,3415,0.8969,-0.0031,0.2716,528.05
cqr,30,0.9,all,37549,0.9044,0.0044,0.2261,424.42
cqr,30,0.9,clear,20234,0.9034,0.0034,0.1211,270.17
cqr,30,0.9,transitional,13900,0.8935,-0.0065,0.358,616.68
cqr,30,0.9,cloudy,3415,0.9555,0.0555,0.4395,555.83
mondrian_cqr,30,0.9,all,37549,0.903,0.003,0.2259,423.28
mondrian_cqr,30,0.9,clear,20234,0.9026,0.0026,0.1205,270.14
mondrian_cqr,30,0.9,transitional,13900,0.901,0.001,0.3641,616.34
mondrian_cqr,30,0.9,cloudy,3415,0.913,0.013,0.4124,544.81
aci,30,0.9,all,37549,0.9244,0.0244,0.2348,421.38
aci,30,0.9,clear,20234,0.9231,0.0231,0.1225,242.8
aci,30,0.9,transitional,13900,0.9264,0.0264,0.4136,682.82
aci,30,0.9,cloudy,3415,0.9239,0.0239,0.2772,415.3
aci_regime,30,0.9,all,37549,0.9125,0.0125,0.2264,419.51
aci_regime,30,0.9,clear,20234,0.8991,-0.0009,0.1016,216.87
aci_regime,30,0.9,transitional,13900,0.9306,0.0306,0.4195,708.55
aci_regime,30,0.9,cloudy,3415,0.9177,0.0177,0.274,443.69
aci_g0.01,30,0.9,all,37549,0.9293,0.0293,0.261,504.71
aci_g0.02,30,0.9,all,37549,0.9321,0.0321,0.25,460.64
aci_g0.05,30,0.9,all,37549,0.9244,0.0244,0.2348,421.38
aci_g0.1,30,0.9,all,37549,0.916,0.016,0.2431,419.11
icp,30,0.95,all,37549,0.9372,-0.0128,0.3627,801.55
icp,30,0.95,clear,20234,0.9856,0.0356,0.4062,608.33
icp,30,0.95,transitional,13900,0.8614,-0.0886,0.3625,1124.46
icp,30,0.95,cloudy,3415,0.9593,0.0093,0.3727,632.04
icp_norm,30,0.95,all,37549,0.948,-0.002,0.4959,794.91
icp_norm,30,0.95,clear,20234,0.9582,0.0082,0.5687,794.92
icp_norm,30,0.95,transitional,13900,0.9266,-0.0234,0.4882,838.33
icp_norm,30,0.95,cloudy,3415,0.9742,0.0242,0.4596,618.12
mondrian,30,0.95,all,37549,0.9431,-0.0069,0.2845,653.17
mondrian,30,0.95,clear,20234,0.9439,-0.0061,0.1554,467.83
mondrian,30,0.95,transitional,13900,0.9399,-0.0101,0.4882,926.52
mondrian,30,0.95,cloudy,3415,0.9511,0.0011,0.3541,638.79
cqr,30,0.95,all,37549,0.9516,0.0016,0.3124,524.46
cqr,30,0.95,clear,20234,0.9428,-0.0072,0.205,365.78
cqr,30,0.95,transitional,13900,0.955,0.005,0.4492,712.01
cqr,30,0.95,cloudy,3415,0.9898,0.0398,0.5868,701.27
mondrian_cqr,30,0.95,all,37549,0.9516,0.0016,0.3115,519.7
mondrian_cqr,30,0.95,clear,20234,0.9515,0.0015,0.2204,364.41
mondrian_cqr,30,0.95,transitional,13900,0.9486,-0.0014,0.4392,712.07
mondrian_cqr,30,0.95,cloudy,3415,0.9646,0.0146,0.5238,656.85
aci,30,0.95,all,37549,0.9701,0.0201,0.3292,552.32
aci,30,0.95,clear,20234,0.9735,0.0235,0.2234,375.68
aci,30,0.95,transitional,13900,0.9661,0.0161,0.5187,820.18
aci,30,0.95,cloudy,3415,0.9669,0.0169,0.3541,508.63
aci_regime,30,0.95,all,37549,0.9597,0.0097,0.2963,514.81
aci_regime,30,0.95,clear,20234,0.9534,0.0034,0.1518,294.01
aci_regime,30,0.95,transitional,13900,0.9683,0.0183,0.5224,831.42
aci_regime,30,0.95,cloudy,3415,0.9616,0.0116,0.3656,534.38
aci_g0.01,30,0.95,all,37549,0.9688,0.0188,0.3653,639.08
aci_g0.02,30,0.95,all,37549,0.9733,0.0233,0.3513,595.79
aci_g0.05,30,0.95,all,37549,0.9701,0.0201,0.3292,552.32
aci_g0.1,30,0.95,all,37549,0.9634,0.0134,0.3232,539.28
