bucket,n,PICP,width,method,horizon_min
2024-01,3722,0.7966147232670607,200.04243452275145,icp,5
2024-02,3119,0.8832959281821097,201.7255289668455,icp,5
2024-03,3763,0.8450704225352113,198.02789928758293,icp,5
2024-04,3258,0.9376918354818907,201.48122680780918,icp,5
2024-05,3167,0.9096937164508999,201.04936980421368,icp,5
2024-06,2983,0.903117666778411,199.04132028871743,icp,5
2024-07,3163,0.900094846664559,201.70164604147914,icp,5
2024-08,2399,0.9495623176323468,199.8023790662678,icp,5
2024-09,3575,0.874965034965035,198.44273565583794,icp,5
2024-10,3749,0.8690317417978127,199.8733747794085,icp,5
2024-11,3193,0.8286877544628876,198.0011261556093,icp,5
2024-12,3341,0.87847949715654,199.28622812257692,icp,5
2024-01,3722,0.8874261149919398,349.4870989291231,icp_norm,5
2024-02,3119,0.9188842577749279,344.20869709570474,icp_norm,5
2024-03,3763,0.8952963061387191,310.57960632680533,icp_norm,5
2024-04,3258,0.8950276243093923,275.6488040861308,icp_norm,5
2024-05,3167,0.846542469213767,241.49364220492143,icp_norm,5
2024-06,2983,0.8317130405631914,217.56005465616124,icp_norm,5
2024-07,3163,0.8169459374012014,230.82163157048157,icp_norm,5
2024-08,2399,0.8995414756148395,256.75447784946107,icp_norm,5
2024-09,3575,0.9074125874125875,299.3627084992844,icp_norm,5
2024-10,3749,0.9253134169111763,331.06466052817814,icp_norm,5
2024-11,3193,0.9044785468211713,339.7814149680201,icp_norm,5
2024-12,3341,0.9395390601616282,346.66864001926297,icp_norm,5
2024-01,3722,0.8651262761955938,256.6108344073149,mondrian,5
2024-02,3119,0.9208079512664316,179.9857264247564,mondrian,5
2024-03,3763,0.8830720170077067,220.49876967623504,mondrian,5
2024-04,3258,0.9066912216083487,146.92340050794516,mondrian,5
2024-05,3167,0.8632775497316072,145.1363706727249,mondrian,5
2024-06,2983,0.856855514582635,158.7229613468437,mondrian,5
2024-07,3163,0.8463484034144799,148.9825206268211,mondrian,5
2024-08,2399,0.9203834931221342,118.99830796602494,mondrian,5
2024-09,3575,0.9020979020979021,187.04991884305326,mondrian,5
2024-10,3749,0.9101093624966657,199.20231220939914,mondrian,5
2024-11,3193,0.8784841841528344,259.27530946390726,mondrian,5
2024-12,3341,0.9155941334929661,231.30415901704248,mondrian,5
2024-01,3722,0.9314884470714669,272.1573629605191,cqr,5
2024-02,3119,0.9394036550176339,162.1152916649374,cqr,5
2024-03,3763,0.9077863406856231,242.1359978608147,cqr,5
2024-04,3258,0.8830570902394107,145.78346053934573,cqr,5
2024-05,3167,0.8361225134196401,168.74250943648406,cqr,5
2024-06,2983,0.8219912839423399,173.90226968520247,cqr,5
2024-07,3163,0.7944988934555801,175.10948808235668,cqr,5
2024-08,2399,0.8895373072113381,122.54879365221811,cqr,5
2024-09,3575,0.9132867132867133,189.88605788568125,cqr,5
2024-10,3749,0.9447852760736196,198.8337222157426,cqr,5
2024-11,3193,0.9392420920764172,287.7783390163663,cqr,5
2024-12,3341,0.9506135887458844,235.19581551722214,cqr,5
2024-01,3722,0.9328318108543794,277.6536437222192,mondrian_cqr,5
2024-02,3119,0.9480602757294004,163.7770768954942,mondrian_cqr,5
2024-03,3763,0.905394631942599,244.13400592039767,mondrian_cqr,5
2024-04,3258,0.8833640270104358,145.61228032944084,mondrian_cqr,5
2024-05,3167,0.8326491948215977,168.17991574631995,mondrian_cqr,5
2024-06,2983,0.8193094200469326,173.71908128133762,mondrian_cqr,5
2024-07,3163,0.797344293392349,174.9272809846081,mondrian_cqr,5
2024-08,2399,0.8841183826594414,120.34547255328792,mondrian_cqr,5
2024-09,3575,0.9127272727272727,190.7962213410415,mondrian_cqr,5
2024-10,3749,0.9501200320085356,200.91049017265328,mondrian_cqr,5
2024-11,3193,0.9404948324459755,292.4084742339422,mondrian_cqr,5
2024-12,3341,0.9524094582460341,238.47541251260967,mondrian_cqr,5
2024-01,3722,0.9110693175711982,366.64038261981665,aci,5
2024-02,3119,0.9361974991984611,227.30619551179436,aci,5
2024-03,3763,0.9170874302418284,314.77851892575933,aci,5
2024-04,3258,0.9097605893186004,148.48220090635849,aci,5
2024-05,3167,0.9005367856015156,191.85524051567822,aci,5
2024-06,2983,0.903117666778411,196.32625360674493,aci,5
2024-07,3163,0.900094846664559,199.17313314060624,aci,5
2024-08,2399,0.9178824510212589,133.54334892312346,aci,5
2024-09,3575,0.9174825174825175,237.9786724774421,aci,5
2024-10,3749,0.9271805814883969,248.68616132009,aci,5
2024-11,3193,0.9135609145004697,321.4275632935594,aci,5
2024-12,3341,0.9320562705776714,256.1286222848797,aci,5
2024-01,3722,0.9046211714132187,354.5654170515823,aci_regime,5
2024-02,3119,0.9345944212888746,235.9874117577384,aci_regime,5
2024-03,3763,0.9085835769332979,279.40116798624393,aci_regime,5
2024-04,3258,0.9002455494168201,152.12458065615814,aci_regime,5
2024-05,3167,0.8920113672245027,160.85207065893775,aci_regime,5
2024-06,2983,0.8960777740529668,182.74681879731267,aci_regime,5
2024-07,3163,0.8877647802718938,186.68213897739423,aci_regime,5
2024-08,2399,0.901625677365569,106.9667435817173,aci_regime,5
2024-09,3575,0.906013986013986,228.91626823673363,aci_regime,5
2024-10,3749,0.9279807948786343,231.46233053737916,aci_regime,5
2024-11,3193,0.9082367679298465,322.4450490450819,aci_regime,5
2024-12,3341,0.9266686620772224,250.1139199892443,aci_regime,5
2024-01,3381,0.8068618751848565,392.78112065157376,icp,60
2024-02,2838,0.8935870331219169,395.67409242453823,icp,60
2024-03,3424,0.7835864485981309,387.44022526273056,icp,60
2024-04,2921,0.9585758301951387,395.928332250302,icp,60
2024-05,2837,0.9298554811420514,393.0158917981241,icp,60
2024-06,2651,0.926820067898906,388.01076769203985,icp,60
2024-07,2822,0.9287739192062368,394.934078477039,icp,60
2024-08,2091,0.9478718316594931,391.6959423584352,icp,60
2024-09,3245,0.8693374422187982,392.2778817636607,icp,60
2024-10,3408,0.8703051643192489,391.9494174434425,icp,60
2024-11,2831,0.7975980219003885,388.16383983286676,icp,60
2024-12,2975,0.8211764705882353,391.568819080159,icp,60
2024-01,3381,0.9080153800650695,636.4654623035876,icp_norm,60
2024-02,2838,0.9415081042988019,620.4675070741278,icp_norm,60
2024-03,3424,0.8714953271028038,561.6253485457637,icp_norm,60
2024-04,2921,0.9147552208147894,501.227913803541,icp_norm,60
2024-05,2837,0.8526612618963694,436.71243206926874,icp_norm,60
2024-06,2651,0.8513768389287062,392.816849804957,icp_norm,60
2024-07,2822,0.8359319631467045,419.08903929240915,icp_norm,60
2024-08,2091,0.8904830224772836,463.5044293984162,icp_norm,60
2024-09,3245,0.8942989214175655,545.9966800144142,icp_norm,60
2024-10,3408,0.9330985915492958,599.0237601965578,icp_norm,60
2024-11,2831,0.8890851289297068,615.375209915839,icp_norm,60
2024-12,2975,0.9230252100840336,636.0536836153904,icp_norm,60
2024-01,3381,0.8500443655723159,428.47451204925727,mondrian,60
2024-02,2838,0.9136715997181113,309.62876656584336,mondrian,60
2024-03,3424,0.8583528037383178,415.7670474385969,mondrian,60
2024-04,2921,0.938377268058884,270.13737719489615,mondrian,60
2024-05,2837,0.924920690870638,269.89425063428115,mondrian,60
2024-06,2651,0.926820067898906,299.54776805128347,mondrian,60
2024-07,2822,0.9177888022678952,275.7323796790675,mondrian,60
2024-08,2091,0.9588713534194165,244.98191370823085,mondrian,60
2024-09,3245,0.8942989214175655,355.5557643225098,mondrian,60
2024-10,3408,0.8961267605633803,353.2937480269918,mondrian,60
2024-11,2831,0.8481102084069233,460.5138550048718,mondrian,60
2024-12,2975,0.8769747899159663,424.4137282512186,mondrian,60
2024-01,3381,0.9485359361135759,478.113504029009,cqr,60
2024-02,2838,0.9573643410852714,303.43965094189457,cqr,60
2024-03,3424,0.9147196261682243,486.6013072458488,cqr,60
2024-04,2921,0.9048271140020541,238.17242185715753,cqr,60
2024-05,2837,0.8304547056750088,254.33472524648232,cqr,60
2024-06,2651,0.8351565447001131,283.58816145047314,cqr,60
2024-07,2822,0.7880935506732814,250.1436303939291,cqr,60
2024-08,2091,0.8957436633189861,201.50760793315277,cqr,60
2024-09,3245,0.9217257318952234,356.7815063996203,cqr,60
2024-10,3408,0.9574530516431925,393.81536019442785,cqr,60
2024-11,2831,0.9448957965383257,577.1444207781466,cqr,60
2024-12,2975,0.9603361344537815,505.0887645909942,cqr,60
2024-01,3381,0.9503105590062112,479.79094824788876,mondrian_cqr,60
2024-02,2838,0.9591261451726568,306.78371102398364,mondrian_cqr,60
2024-03,3424,0.9068341121495327,480.51531608905003,mondrian_cqr,60
2024-04,2921,0.906881205066758,241.3461154467272,mondrian_cqr,60
2024-05,2837,0.8329221008107155,256.5533794119891,mondrian_cqr,60
2024-06,2651,0.8317615993964542,282.82226330163246,mondrian_cqr,60
2024-07,2822,0.7927002126151665,253.38084553287365,mondrian_cqr,60
2024-08,2091,0.8923959827833573,201.7469721236565,mondrian_cqr,60
2024-09,3245,0.9121725731895224,354.2840292734473,mondrian_cqr,60
2024-10,3408,0.9571596244131455,394.06473888187645,mondrian_cqr,60
2024-11,2831,0.9406570116566584,573.1145989675608,mondrian_cqr,60
2024-12,2975,0.9542857142857143,501.52633032873416,mondrian_cqr,60
2024-01,3381,0.917184265010352,454.531807654467,aci,60
2024-02,2838,0.9517265680056378,333.7069220466587,aci,60
2024-03,3424,0.9240654205607477,474.44790416598755,aci,60
2024-04,2921,0.9339267374186923,242.35885271183034,aci,60
2024-05,2837,0.9213958406767713,268.5206175420076,aci,60
2024-06,2651,0.9238023387400981,289.77348129134754,aci,60
2024-07,2822,0.923458540042523,272.9612370642652,aci,60
2024-08,2091,0.9445241511238642,250.75898947377422,aci,60
2024-09,3245,0.9334360554699538,358.66402423718773,aci,60
2024-10,3408,0.9386737089201878,361.9493092418085,aci,60
2024-11,2831,0.9187566231013776,484.06493080816097,aci,60
2024-12,2975,0.9347899159663866,432.1291336772085,aci,60
2024-01,3381,0.9112688553682342,475.6674773118759,aci_regime,60
2024-02,2838,0.9436222692036645,311.9965305665121,aci_regime,60
2024-03,3424,0.9123831775700935,472.0191882204616,aci_regime,60
2024-04,2921,0.9188634029441972,235.0069833260163,aci_regime,60
2024-05,2837,0.9023616496298907,233.53200522825276,aci_regime,60
2024-06,2651,0.9105997736703131,257.8372369200922,aci_regime,60
2024-07,2822,0.9036144578313253,240.08151127452285,aci_regime,60
2024-08,2091,0.9201339072214252,204.01038256393667,aci_regime,60
2024-09,3245,0.9248073959938367,369.012114559317,aci_regime,60
2024-10,3408,0.9310446009389671,369.7510412466572,aci_regime,60
2024-11,2831,0.9152243023666549,510.6170057319942,aci_regime,60
2024-12,2975,0.9327731092436975,446.74149384648564,aci_regime,60
2024-01,3656,0.7962253829321663,300.15445076885675,icp,15
2024-02,3060,0.8856209150326797,302.90911970600035,icp,15
2024-03,3701,0.8181572547960011,296.2498405190326,icp,15
2024-04,3196,0.9458698372966208,303.07352652510326,icp,15
2024-05,3107,0.9217895075635661,301.4732851646397,icp,15
2024-06,2921,0.9109893871961657,297.1719170558784,icp,15
2024-07,3101,0.9145436955820703,302.64177465318375,icp,15
2024-08,2342,0.9530315969257045,299.59645397324425,icp,15
2024-09,3515,0.8751066856330014,298.5473124267909,icp,15
2024-10,3680,0.8720108695652173,299.4194982956141,icp,15
2024-11,3116,0.8161103979460848,295.78828183436406,icp,15
2024-12,3256,0.8602579852579852,298.96759222789353,icp,15
2024-01,3656,0.8804704595185996,492.38760440524527,icp_norm,15
2024-02,3060,0.9333333333333333,484.24949505338293,icp_norm,15
2024-03,3701,0.8848959740610646,435.71163230223146,icp_norm,15
2024-04,3196,0.8973717146433041,388.4620787556311,icp_norm,15
2024-05,3107,0.8529127775989701,339.87095854891874,icp_norm,15
2024-06,2921,0.8414926395070181,305.35682461071485,icp_norm,15
2024-07,3101,0.8239277652370203,325.4743046040099,icp_norm,15
2024-08,2342,0.9022203245089667,360.52373424577934,icp_norm,15
2024-09,3515,0.9012802275960171,420.9611254199852,icp_norm,15
2024-10,3680,0.9182065217391304,465.5841331470679,icp_norm,15
2024-11,3116,0.9027599486521181,475.8646009174465,icp_norm,15
2024-12,3256,0.9253685503685504,487.9851721220406,icp_norm,15
2024-01,3656,0.8591356673960613,345.4627494503692,mondrian,15
2024-02,3060,0.9179738562091503,244.0038634314802,mondrian,15
2024-03,3701,0.871386111861659,313.0367516493773,mondrian,15
2024-04,3196,0.9152065081351689,204.29111119248853,mondrian,15
2024-05,3107,0.8786610878661087,204.76463843003404,mondrian,15
2024-06,2921,0.8784662786716878,224.7746099515848,mondrian,15
2024-07,3101,0.8590777168655273,208.8173454070094,mondrian,15
2024-08,2342,0.9346712211784799,173.92720806936268,mondrian,15
2024-09,3515,0.905547652916074,265.34552931480545,mondrian,15
2024-10,3680,0.9008152173913043,274.1791486435628,mondrian,15
2024-11,3116,0.8664955070603337,357.34362269750966,mondrian,15
2024-12,3256,0.9047911547911548,325.0997487126617,mondrian,15
2024-01,3656,0.9327133479212254,361.84121817025107,cqr,15
2024-02,3060,0.9408496732026144,217.05868752862048,cqr,15
2024-03,3701,0.9189408268035666,358.8760440126276,cqr,15
2024-04,3196,0.8782853566958698,173.6113818041536,cqr,15
2024-05,3107,0.8345671065336338,199.6519380252219,cqr,15
2024-06,2921,0.8260869565217391,219.4492045774193,cqr,15
2024-07,3101,0.800386971944534,202.65016267573796,cqr,15
2024-08,2342,0.8864218616567037,149.58213401512748,cqr,15
2024-09,3515,0.9109530583214793,266.5219152304613,cqr,15
2024-10,3680,0.9475543478260869,278.4558509679204,cqr,15
2024-11,3116,0.9335686777920411,413.91523278028995,cqr,15
2024-12,3256,0.9456388206388207,347.1633674528641,cqr,15
2024-01,3656,0.9335339168490153,365.74488487369337,mondrian_cqr,15
2024-02,3060,0.9444444444444444,218.73841880745928,mondrian_cqr,15
2024-03,3701,0.9154282626317212,358.1673065029804,mondrian_cqr,15
2024-04,3196,0.8804755944931164,174.01316191072462,mondrian_cqr,15
2024-05,3107,0.8368200836820083,199.59600932845808,mondrian_cqr,15
2024-06,2921,0.8230058199246834,218.83152865429005,mondrian_cqr,15
2024-07,3101,0.8026443082876491,203.1630167630723,mondrian_cqr,15
2024-08,2342,0.8812980358667806,147.8509362529715,mondrian_cqr,15
2024-09,3515,0.9092460881934566,266.0838457250858,mondrian_cqr,15
2024-10,3680,0.9486413043478261,279.50053814358216,mondrian_cqr,15
2024-11,3116,0.9329268292682927,415.5710584415662,mondrian_cqr,15
2024-12,3256,0.9459459459459459,348.1546255904028,mondrian_cqr,15
2024-01,3656,0.9132932166301969,437.9451950180017,aci,15
2024-02,3060,0.9405228758169935,274.656590542651,aci,15
2024-03,3701,0.9186706295595785,399.69865004219935,aci,15
2024-04,3196,0.9189612015018773,199.81693810445424,aci,15
2024-05,3107,0.9102027679433538,222.19471001314213,aci,15
2024-06,2921,0.9120164327285176,244.28994187420648,aci,15
2024-07,3101,0.9113189293776202,229.4950694090917,aci,15
2024-08,2342,0.9265584970111016,182.40286064225842,aci,15
2024-09,3515,0.9220483641536273,299.578456902662,aci,15
2024-10,3680,0.9298913043478261,317.28743654768783,aci,15
2024-11,3116,0.9143132220795892,408.1591916638807,aci,15
2024-12,3256,0.9327395577395577,361.3763286195651,aci,15
2024-01,3656,0.9045404814004376,426.63714093642824,aci_regime,15
2024-02,3060,0.9339869281045752,267.59226004046405,aci_regime,15
2024-03,3701,0.9057011618481492,379.3737366137928,aci_regime,15
2024-04,3196,0.9051939924906133,190.16179656477047,aci_regime,15
2024-05,3107,0.8937882201480528,197.2407196506841,aci_regime,15
2024-06,2921,0.8972954467648065,216.4680229716121,aci_regime,15
2024-07,3101,0.8922928087713641,214.3210521338124,aci_regime,15
2024-08,2342,0.9052092228864219,147.07770066285505,aci_regime,15
2024-09,3515,0.9086770981507823,281.415514169693,aci_regime,15
2024-10,3680,0.9241847826086956,301.22920904661873,aci_regime,15
2024-11,3116,0.9091784338896021,404.43464247143515,aci_regime,15
2024-12,3256,0.9269041769041769,351.2930070796964,aci_regime,15
2024-01,3563,0.8010103845074376,345.5500889894542,icp,30
2024-02,2986,0.8844608171466846,348.41003198436727,icp,30
2024-03,3608,0.7899113082039911,341.07798278906256,icp,30
2024-04,3105,0.9513687600644123,348.8604733165352,icp,30
2024-05,3017,0.9287371561153464,346.6993981308445,icp,30
2024-06,2830,0.9159010600706714,341.7032395345011,icp,30
2024-07,3008,0.9242021276595744,348.1421564230747,icp,30
2024-08,2258,0.9588131089459699,344.8203078033309,icp,30
2024-09,3425,0.8744525547445255,344.63202030491016,icp,30
2024-10,3583,0.8713368685459113,344.7689093191769,icp,30
2024-11,3015,0.7993366500829188,340.87245761609097,icp,30
2024-12,3151,0.8406854966677245,344.710953972906,icp,30
2024-01,3563,0.8894190289082234,559.898557046632,icp_norm,30
2024-02,2986,0.934025452109846,548.6440979548242,icp_norm,30
2024-03,3608,0.8797117516629712,494.6501443396301,icp_norm,30
2024-04,3105,0.9053140096618357,441.6274379630482,icp_norm,30
2024-05,3017,0.8551541266158436,386.008169365516,icp_norm,30
2024-06,2830,0.8445229681978799,346.8527439275466,icp_norm,30
2024-07,3008,0.8284574468085106,369.89993189389077,icp_norm,30
2024-08,2258,0.899911426040744,409.01350644001036,icp_norm,30
2024-09,3425,0.9033576642335767,479.7101533672959,icp_norm,30
2024-10,3583,0.9179458554284119,529.0274126206751,icp_norm,30
2024-11,3015,0.8872305140961857,540.8081265240446,icp_norm,30
2024-12,3151,0.9238337035861631,556.6276724733184,icp_norm,30
2024-01,3563,0.8599494807746281,385.9352251701106,mondrian,30
2024-02,2986,0.9176155391828533,273.4602796521247,mondrian,30
2024-03,3608,0.8650221729490022,363.11252003297915,mondrian,30
2024-04,3105,0.9307568438003221,232.9098485040559,mondrian,30
2024-05,3017,0.893602916804773,234.2042911724798,mondrian,30
2024-06,2830,0.893286219081272,259.28739188605874,mondrian,30
2024-07,3008,0.8716755319148937,238.64023986492597,mondrian,30
2024-08,2258,0.9601417183348095,204.6686337550181,mondrian,30
2024-09,3425,0.9062773722627737,307.1781357122552,mondrian,30
2024-10,3583,0.8950600055819146,311.3456199610048,mondrian,30
2024-11,3015,0.8560530679933664,406.38883706322815,mondrian,30
2024-12,3151,0.8873373532211997,372.8212586758129,mondrian,30
2024-01,3563,0.9444288520909346,410.9598425817217,cqr,30
2024-02,2986,0.9537843268586738,251.6182401480151,cqr,30
2024-03,3608,0.9229490022172949,423.5991972257099,cqr,30
2024-04,3105,0.8876006441223833,198.07769087904182,cqr,30
2024-05,3017,0.8369240967848857,222.92519944774193,cqr,30
2024-06,2830,0.8293286219081272,249.33787080916738,cqr,30
2024-07,3008,0.8031914893617021,226.23474263621267,cqr,30
2024-08,2258,0.8910540301151462,163.04308607284088,cqr,30
2024-09,3425,0.9185401459854015,300.78914345527767,cqr,30
2024-10,3583,0.9525537259279933,328.5431108622353,cqr,30
2024-11,3015,0.9293532338308458,486.32810329150834,cqr,30
2024-12,3151,0.952396064741352,409.71255267762933,cqr,30
2024-01,3563,0.9447095144541117,413.6673262165076,mondrian_cqr,30
2024-02,2986,0.956463496316142,253.496364441881,mondrian_cqr,30
2024-03,3608,0.9176829268292683,420.1212267553703,mondrian_cqr,30
2024-04,3105,0.8885668276972625,199.12278350756927,mondrian_cqr,30
2024-05,3017,0.8372555518727213,223.29222007451727,mondrian_cqr,30
2024-06,2830,0.8257950530035336,248.1579286401428,mondrian_cqr,30
2024-07,3008,0.8045212765957447,227.41243062007126,mondrian_cqr,30
2024-08,2258,0.8906111603188662,161.55440086127385,mondrian_cqr,30
2024-09,3425,0.9094890510948905,298.96886984681043,mondrian_cqr,30
2024-10,3583,0.9492045771699693,328.7431656998914,mondrian_cqr,30
2024-11,3015,0.9296849087893864,485.1110265614512,mondrian_cqr,30
2024-12,3151,0.952078705172961,408.2901834139095,mondrian_cqr,30
2024-01,3563,0.9155206286836935,432.6975959124464,aci,30
2024-02,2986,0.9457468184862693,293.8107113165688,aci,30
2024-03,3608,0.91990022172949,438.22947162901994,aci,30
2024-04,3105,0.9243156199677939,213.37098528560128,aci,30
2024-05,3017,0.9151474975140869,239.6253348258324,aci,30
2024-06,2830,0.9166077738515901,264.61310578102996,aci,30
2024-07,3008,0.9158909574468085,256.3659463281183,aci,30
2024-08,2258,0.9353410097431355,207.49066955625523,aci,30
2024-09,3425,0.9264233576642336,319.38460242492187,aci,30
2024-10,3583,0.9327379291096847,336.81573470327857,aci,30
2024-11,3015,0.9150912106135987,445.0596669561169,aci,30
2024-12,3151,0.9330371310695017,376.28013287029705,aci,30
2024-01,3563,0.9076620825147348,447.6174823634651,aci_regime,30
2024-02,2986,0.9377093101138647,290.75108575722993,aci_regime,30
2024-03,3608,0.9096452328159645,409.1227049167831,aci_regime,30
2024-04,3105,0.9088566827697262,208.39493043651558,aci_regime,30
2024-05,3017,0.8965860125952934,209.95299390645468,aci_regime,30
2024-06,2830,0.9028268551236749,237.0382150265185,aci_regime,30
2024-07,3008,0.8966090425531915,216.9465870103902,aci_regime,30
2024-08,2258,0.9114260407440212,159.82545927749638,aci_regime,30
2024-09,3425,0.915036496350365,313.8387182830099,aci_regime,30
2024-10,3583,0.9240859614847893,336.27211014142677,aci_regime,30
2024-11,3015,0.9084577114427861,452.1256234014654,aci_regime,30
2024-12,3151,0.9285940971120279,387.2106883066822,aci_regime,30
