site,horizon_min,battery,policy,theta_npquantile,theta_orderstat,sel_obj_npquantile,sel_obj_orderstat,theta_changes
yulara,5,small,icp,0.875,0.875,33.189,33.197,False
yulara,5,small,mondrian,0.775,0.775,20.953,20.953,False
yulara,5,small,cqr,0.75,0.75,20.031,20.032,False
yulara,5,small,mondrian_cqr,0.75,0.75,19.924,19.925,False
yulara,5,default,icp,0.9,0.9,2.483,2.483,False
yulara,5,default,mondrian,0.825,0.825,4.559,4.559,False
yulara,5,default,cqr,0.8,0.8,3.904,3.904,False
yulara,5,default,mondrian_cqr,0.8,0.8,3.685,3.685,False
yulara,5,large,icp,0.95,0.95,0.347,0.348,False
yulara,5,large,mondrian,0.9,0.9,1.043,1.042,False
yulara,5,large,cqr,0.95,0.95,0.553,0.553,False
yulara,5,large,mondrian_cqr,0.925,0.925,0.47,0.47,False
yulara,15,small,icp,0.875,0.875,115.315,115.315,False
yulara,15,small,mondrian,0.775,0.775,67.795,67.8,False
yulara,15,small,cqr,0.775,0.775,58.758,58.757,False
yulara,15,small,mondrian_cqr,0.775,0.775,58.447,58.453,False
yulara,15,default,icp,0.875,0.875,36.89,36.89,False
yulara,15,default,mondrian,0.8,0.8,18.968,18.967,False
yulara,15,default,cqr,0.8,0.8,19.5,19.499,False
yulara,15,default,mondrian_cqr,0.8,0.8,19.579,19.58,False
yulara,15,large,icp,0.925,0.925,1.631,1.631,False
yulara,15,large,mondrian,0.875,0.875,3.681,3.68,False
yulara,15,large,cqr,0.875,0.875,3.483,3.483,False
yulara,15,large,mondrian_cqr,0.875,0.875,3.241,3.24,False
yulara,30,small,icp,0.875,0.875,190.964,190.987,False
yulara,30,small,mondrian,0.825,0.825,125.4,125.399,False
yulara,30,small,cqr,0.8,0.8,102.9,102.9,False
yulara,30,small,mondrian_cqr,0.8,0.8,102.211,102.18,False
yulara,30,default,icp,0.875,0.875,86.628,86.6,False
yulara,30,default,mondrian,0.85,0.85,50.054,50.06,False
yulara,30,default,cqr,0.825,0.825,46.746,46.745,False
yulara,30,default,mondrian_cqr,0.825,0.825,46.304,46.305,False
yulara,30,large,icp,0.925,0.925,11.143,11.144,False
yulara,30,large,mondrian,0.875,0.875,10.117,10.122,False
yulara,30,large,cqr,0.875,0.875,12.302,12.302,False
yulara,30,large,mondrian_cqr,0.875,0.875,12.34,12.338,False
yulara,60,small,icp,0.875,0.875,295.458,295.457,False
yulara,60,small,mondrian,0.85,0.85,215.202,215.042,False
yulara,60,small,cqr,0.85,0.85,162.129,162.13,False
yulara,60,small,mondrian_cqr,0.85,0.85,160.309,160.294,False
yulara,60,default,icp,0.9,0.9,168.371,168.39,False
yulara,60,default,mondrian,0.875,0.875,117.588,117.567,False
yulara,60,default,cqr,0.875,0.875,90.22,90.22,False
yulara,60,default,mondrian_cqr,0.875,0.875,90.128,90.118,False
yulara,60,large,icp,0.925,0.925,51.277,51.277,False
yulara,60,large,mondrian,0.925,0.925,37.592,37.608,False
yulara,60,large,cqr,0.9,0.9,33.712,33.706,False
yulara,60,large,mondrian_cqr,0.9,0.9,33.507,33.512,False
asp,5,small,icp,0.875,0.875,29.261,29.265,False
asp,5,small,mondrian,0.775,0.775,20.576,20.571,False
asp,5,small,cqr,0.75,0.75,19.932,19.93,False
asp,5,small,mondrian_cqr,0.75,0.75,20.154,20.158,False
asp,5,default,icp,0.9,0.9,3.901,3.9,False
asp,5,default,mondrian,0.825,0.825,4.68,4.675,False
asp,5,default,cqr,0.825,0.825,6.268,6.267,False
asp,5,default,mondrian_cqr,0.825,0.825,6.251,6.246,False
asp,5,large,icp,0.95,0.95,0.7,0.718,False
asp,5,large,mondrian,0.9,0.9,0.749,0.749,False
asp,5,large,cqr,0.925,0.925,0.891,0.891,False
asp,5,large,mondrian_cqr,0.925,0.925,0.808,0.805,False
asp,15,small,icp,0.85,0.85,104.585,104.585,False
asp,15,small,mondrian,0.8,0.8,70.208,70.209,False
asp,15,small,cqr,0.75,0.75,61.248,61.247,False
asp,15,small,mondrian_cqr,0.75,0.75,61.765,61.759,False
asp,15,default,icp,0.875,0.875,39.982,39.982,False
asp,15,default,mondrian,0.825,0.825,26.061,26.063,False
asp,15,default,cqr,0.775,0.775,28.229,28.228,False
asp,15,default,mondrian_cqr,0.775,0.775,28.646,28.65,False
asp,15,large,icp,0.925,0.925,3.239,3.239,False
asp,15,large,mondrian,0.9,0.9,4.078,4.076,False
asp,15,large,cqr,0.9,0.9,7.766,7.766,False
asp,15,large,mondrian_cqr,0.9,0.9,8.004,8.009,False
asp,30,small,icp,0.85,0.85,176.115,176.119,False
asp,30,small,mondrian,0.825,0.825,119.648,119.655,False
asp,30,small,cqr,0.8,0.8,97.919,97.916,False
asp,30,small,mondrian_cqr,0.8,0.8,98.4,98.41,False
asp,30,default,icp,0.875,0.875,82.781,82.78,False
asp,30,default,mondrian,0.85,0.85,54.451,54.459,False
asp,30,default,cqr,0.825,0.825,51.147,51.146,False
asp,30,default,mondrian_cqr,0.825,0.825,51.468,51.475,False
asp,30,large,icp,0.925,0.925,10.514,10.515,False
asp,30,large,mondrian,0.9,0.9,12.474,12.479,False
asp,30,large,cqr,0.875,0.875,17.648,17.645,False
asp,30,large,mondrian_cqr,0.875,0.875,17.829,17.835,False
asp,60,small,icp,0.875,0.875,275.976,275.986,False
asp,60,small,mondrian,0.85,0.85,192.583,192.582,False
asp,60,small,cqr,0.825,0.825,159.126,159.129,False
asp,60,small,mondrian_cqr,0.825,0.825,159.178,159.177,False
asp,60,default,icp,0.875,0.875,161.694,161.676,False
asp,60,default,mondrian,0.875,0.875,109.444,109.452,False
asp,60,default,cqr,0.825,0.825,98.703,98.704,False
asp,60,default,mondrian_cqr,0.825,0.825,98.883,98.877,False
asp,60,large,icp,0.925,0.925,48.706,48.703,False
asp,60,large,mondrian,0.925,0.925,35.416,35.441,False
asp,60,large,cqr,0.9,0.9,42.051,42.051,False
asp,60,large,mondrian_cqr,0.9,0.9,42.911,42.917,False
