site,method,variant,horizon_min,nominal,scope,n,PICP,ACE,PINAW,Winkler
asp,icp,static,5,0.8,all,44221,0.7553,-0.0447,0.0475,302.11
asp,icp,static,5,0.8,clear,23683,0.9404,0.1404,0.0511,113.96
asp,icp,static,5,0.8,transitional,16518,0.4718,-0.3282,0.0474,610.64
asp,icp,static,5,0.8,cloudy,4020,0.8296,0.0296,0.0687,142.83
asp,icp_norm,static,5,0.8,all,44221,0.7582,-0.0418,0.0595,288.75
asp,icp_norm,static,5,0.8,clear,23683,0.9478,0.1478,0.0673,129.4
asp,icp_norm,static,5,0.8,transitional,16518,0.4583,-0.3417,0.0551,553.77
asp,icp_norm,static,5,0.8,cloudy,4020,0.8736,0.0736,0.0849,138.54
asp,mondrian,static,5,0.8,all,44221,0.7916,-0.0084,0.0702,237.46
asp,mondrian,static,5,0.8,clear,23683,0.7921,-0.0079,0.0129,87.02
asp,mondrian,static,5,0.8,transitional,16518,0.7918,-0.0082,0.1607,476.19
asp,mondrian,static,5,0.8,cloudy,4020,0.7883,-0.0117,0.0597,142.82
asp,cqr,static,5,0.8,all,44221,0.8062,0.0062,0.0749,180.0
asp,cqr,static,5,0.8,clear,23683,0.8156,0.0156,0.0225,61.89
asp,cqr,static,5,0.8,transitional,16518,0.7864,-0.0136,0.156,360.9
asp,cqr,static,5,0.8,cloudy,4020,0.8326,0.0326,0.0866,132.54
asp,mondrian_cqr,static,5,0.8,all,44221,0.8067,0.0067,0.0754,179.95
asp,mondrian_cqr,static,5,0.8,clear,23683,0.8091,0.0091,0.0223,61.87
asp,mondrian_cqr,static,5,0.8,transitional,16518,0.7993,-0.0007,0.1577,360.81
asp,mondrian_cqr,static,5,0.8,cloudy,4020,0.8224,0.0224,0.0856,132.4
asp,cqr,rearranged,5,0.8,all,44221,0.8048,0.0048,0.0747,179.94
asp,cqr,rearranged,5,0.8,clear,23683,0.8149,0.0149,0.0223,61.86
asp,cqr,rearranged,5,0.8,transitional,16518,0.7851,-0.0149,0.1559,360.88
asp,cqr,rearranged,5,0.8,cloudy,4020,0.8261,0.0261,0.0852,132.12
asp,mondrian_cqr,rearranged,5,0.8,all,44221,0.806,0.006,0.0752,179.89
asp,mondrian_cqr,rearranged,5,0.8,clear,23683,0.8086,0.0086,0.0222,61.84
asp,mondrian_cqr,rearranged,5,0.8,transitional,16518,0.7989,-0.0011,0.1576,360.78
asp,mondrian_cqr,rearranged,5,0.8,cloudy,4020,0.8204,0.0204,0.0847,132.05
asp,aci,anticipative,5,0.8,all,44221,0.8266,0.0266,0.0952,229.59
asp,aci,anticipative,5,0.8,clear,23683,0.8398,0.0398,0.0247,73.71
asp,aci,anticipative,5,0.8,transitional,16518,0.8042,0.0042,0.2088,476.88
asp,aci,anticipative,5,0.8,cloudy,4020,0.8413,0.0413,0.0785,131.87
asp,aci_regime,anticipative,5,0.8,all,44221,0.8192,0.0192,0.0965,228.04
asp,aci_regime,anticipative,5,0.8,clear,23683,0.7981,-0.0019,0.0347,91.83
asp,aci_regime,anticipative,5,0.8,transitional,16518,0.8511,0.0511,0.1997,445.32
asp,aci_regime,anticipative,5,0.8,cloudy,4020,0.8132,0.0132,0.0724,137.75
asp,aci_g0.01,anticipative,5,0.8,all,44221,0.8347,0.0347,0.0728,241.19
asp,aci_g0.02,anticipative,5,0.8,all,44221,0.8398,0.0398,0.0803,227.69
asp,aci_g0.05,anticipative,5,0.8,all,44221,0.8266,0.0266,0.0952,229.59
asp,aci_g0.1,anticipative,5,0.8,all,44221,0.8172,0.0172,0.121,256.79
asp,aci,delayed,5,0.8,all,44221,0.8266,0.0266,0.0952,229.59
asp,aci,delayed,5,0.8,clear,23683,0.8398,0.0398,0.0247,73.71
asp,aci,delayed,5,0.8,transitional,16518,0.8042,0.0042,0.2088,476.88
asp,aci,delayed,5,0.8,cloudy,4020,0.8413,0.0413,0.0785,131.87
asp,aci_regime,delayed,5,0.8,all,44221,0.8192,0.0192,0.0965,228.04
asp,aci_regime,delayed,5,0.8,clear,23683,0.7981,-0.0019,0.0347,91.83
asp,aci_regime,delayed,5,0.8,transitional,16518,0.8511,0.0511,0.1997,445.32
asp,aci_regime,delayed,5,0.8,cloudy,4020,0.8132,0.0132,0.0724,137.75
asp,aci_g0.01,delayed,5,0.8,all,44221,0.8347,0.0347,0.0728,241.19
asp,aci_g0.02,delayed,5,0.8,all,44221,0.8398,0.0398,0.0803,227.69
asp,aci_g0.05,delayed,5,0.8,all,44221,0.8266,0.0266,0.0952,229.59
asp,aci_g0.1,delayed,5,0.8,all,44221,0.8172,0.0172,0.121,256.79
asp,icp,static,5,0.9,all,44221,0.8766,-0.0234,0.1197,447.44
asp,icp,static,5,0.9,clear,23683,0.978,0.078,0.1307,227.87
asp,icp,static,5,0.9,transitional,16518,0.7098,-0.1902,0.1181,816.27
asp,icp,static,5,0.9,cloudy,4020,0.9642,0.0642,0.1668,225.49
asp,icp_norm,static,5,0.9,all,44221,0.8799,-0.0201,0.1325,409.89
asp,icp_norm,static,5,0.9,clear,23683,0.9766,0.0766,0.1505,246.37
asp,icp_norm,static,5,0.9,transitional,16518,0.7181,-0.1819,0.1231,688.41
asp,icp_norm,static,5,0.9,cloudy,4020,0.9754,0.0754,0.1836,228.82
asp,mondrian,static,5,0.9,all,44221,0.8912,-0.0088,0.1131,330.53
asp,mondrian,static,5,0.9,clear,23683,0.8879,-0.0121,0.0241,148.51
asp,mondrian,static,5,0.9,transitional,16518,0.8974,-0.0026,0.2556,622.15
asp,mondrian,static,5,0.9,cloudy,4020,0.8846,-0.0154,0.0896,204.61
asp,cqr,static,5,0.9,all,44221,0.903,0.003,0.1058,231.79
asp,cqr,static,5,0.9,clear,23683,0.9105,0.0105,0.0351,89.6
asp,cqr,static,5,0.9,transitional,16518,0.8887,-0.0113,0.209,439.42
asp,cqr,static,5,0.9,cloudy,4020,0.9172,0.0172,0.164,216.36
asp,mondrian_cqr,static,5,0.9,all,44221,0.9034,0.0034,0.1069,231.64
asp,mondrian_cqr,static,5,0.9,clear,23683,0.9044,0.0044,0.0348,89.57
asp,mondrian_cqr,static,5,0.9,transitional,16518,0.9004,0.0004,0.2127,439.12
asp,mondrian_cqr,static,5,0.9,cloudy,4020,0.9102,0.0102,0.1625,216.13
asp,cqr,rearranged,5,0.9,all,44221,0.903,0.003,0.1054,231.39
asp,cqr,rearranged,5,0.9,clear,23683,0.91,0.01,0.0348,89.15
asp,cqr,rearranged,5,0.9,transitional,16518,0.8891,-0.0109,0.2086,439.36
asp,cqr,rearranged,5,0.9,cloudy,4020,0.9192,0.0192,0.163,214.79
asp,mondrian_cqr,rearranged,5,0.9,all,44221,0.9031,0.0031,0.1066,231.24
asp,mondrian_cqr,rearranged,5,0.9,clear,23683,0.9039,0.0039,0.0345,89.13
asp,mondrian_cqr,rearranged,5,0.9,transitional,16518,0.8998,-0.0002,0.2124,439.05
asp,mondrian_cqr,rearranged,5,0.9,cloudy,4020,0.9124,0.0124,0.1617,214.57
asp,aci,anticipative,5,0.9,all,44221,0.9253,0.0253,0.1526,321.53
asp,aci,anticipative,5,0.9,clear,23683,0.9381,0.0381,0.051,125.18
asp,aci,anticipative,5,0.9,transitional,16518,0.9043,0.0043,0.3176,633.87
asp,aci,anticipative,5,0.9,cloudy,4020,0.9361,0.0361,0.1366,194.89
asp,aci_regime,anticipative,5,0.9,all,44221,0.9144,0.0144,0.152,313.34
asp,aci_regime,anticipative,5,0.9,clear,23683,0.9028,0.0028,0.0621,142.22
asp,aci_regime,anticipative,5,0.9,transitional,16518,0.9327,0.0327,0.3037,585.21
asp,aci_regime,anticipative,5,0.9,cloudy,4020,0.9077,0.0077,0.1222,204.31
asp,aci_g0.01,anticipative,5,0.9,all,44221,0.9287,0.0287,0.1398,344.69
asp,aci_g0.02,anticipative,5,0.9,all,44221,0.9342,0.0342,0.1412,323.6
asp,aci_g0.05,anticipative,5,0.9,all,44221,0.9253,0.0253,0.1526,321.53
asp,aci_g0.1,anticipative,5,0.9,all,44221,0.9147,0.0147,0.1783,352.18
asp,aci,delayed,5,0.9,all,44221,0.9253,0.0253,0.1526,321.53
asp,aci,delayed,5,0.9,clear,23683,0.9381,0.0381,0.051,125.18
asp,aci,delayed,5,0.9,transitional,16518,0.9043,0.0043,0.3176,633.87
asp,aci,delayed,5,0.9,cloudy,4020,0.9361,0.0361,0.1366,194.89
asp,aci_regime,delayed,5,0.9,all,44221,0.9144,0.0144,0.152,313.34
asp,aci_regime,delayed,5,0.9,clear,23683,0.9028,0.0028,0.0621,142.22
asp,aci_regime,delayed,5,0.9,transitional,16518,0.9327,0.0327,0.3037,585.21
asp,aci_regime,delayed,5,0.9,cloudy,4020,0.9077,0.0077,0.1222,204.31
asp,aci_g0.01,delayed,5,0.9,all,44221,0.9287,0.0287,0.1398,344.69
asp,aci_g0.02,delayed,5,0.9,all,44221,0.9342,0.0342,0.1412,323.6
asp,aci_g0.05,delayed,5,0.9,all,44221,0.9253,0.0253,0.1526,321.53
asp,aci_g0.1,delayed,5,0.9,all,44221,0.9147,0.0147,0.1783,352.18
asp,icp,static,5,0.95,all,44221,0.9402,-0.0098,0.2125,599.1
asp,icp,static,5,0.95,clear,23683,0.9908,0.0408,0.2349,377.46
asp,icp,static,5,0.95,transitional,16518,0.856,-0.094,0.2084,980.47
asp,icp,static,5,0.95,cloudy,4020,0.9888,0.0388,0.2798,337.89
asp,icp_norm,static,5,0.95,all,44221,0.9391,-0.0109,0.2152,529.65
asp,icp_norm,static,5,0.95,clear,23683,0.9878,0.0378,0.2457,382.09
asp,icp_norm,static,5,0.95,transitional,16518,0.8571,-0.0929,0.2005,789.45
asp,icp_norm,static,5,0.95,cloudy,4020,0.9891,0.0391,0.2837,331.44
asp,mondrian,static,5,0.95,all,44221,0.9423,-0.0077,0.1653,439.83
asp,mondrian,static,5,0.95,clear,23683,0.9375,-0.0125,0.0482,241.58
asp,mondrian,static,5,0.95,transitional,16518,0.9505,0.0005,0.3569,762.21
asp,mondrian,static,5,0.95,cloudy,4020,0.9371,-0.0129,0.1275,283.17
asp,cqr,static,5,0.95,all,44221,0.9457,-0.0043,0.1345,287.16
asp,cqr,static,5,0.95,clear,23683,0.9517,0.0017,0.05,126.84
asp,cqr,static,5,0.95,transitional,16518,0.9351,-0.0149,0.2549,516.08
asp,cqr,static,5,0.95,cloudy,4020,0.9547,0.0047,0.2308,291.0
asp,mondrian_cqr,static,5,0.95,all,44221,0.9468,-0.0032,0.1369,286.49
asp,mondrian_cqr,static,5,0.95,clear,23683,0.945,-0.005,0.0491,126.88
asp,mondrian_cqr,static,5,0.95,transitional,16518,0.9482,-0.0018,0.2626,514.25
asp,mondrian_cqr,static,5,0.95,cloudy,4020,0.9515,0.0015,0.2297,290.93
asp,cqr,rearranged,5,0.95,all,44221,0.947,-0.003,0.1345,286.29
asp,cqr,rearranged,5,0.95,clear,23683,0.9528,0.0028,0.0499,126.23
asp,cqr,rearranged,5,0.95,transitional,16518,0.9361,-0.0139,0.2548,514.93
asp,cqr,rearranged,5,0.95,cloudy,4020,0.9577,0.0077,0.2322,289.85
asp,mondrian_cqr,rearranged,5,0.95,all,44221,0.9486,-0.0014,0.1371,285.64
asp,mondrian_cqr,rearranged,5,0.95,clear,23683,0.9479,-0.0021,0.0493,126.22
asp,mondrian_cqr,rearranged,5,0.95,transitional,16518,0.949,-0.001,0.2627,513.23
asp,mondrian_cqr,rearranged,5,0.95,cloudy,4020,0.9515,0.0015,0.2303,289.64
asp,aci,anticipative,5,0.95,all,44221,0.9687,0.0187,0.2271,437.74
asp,aci,anticipative,5,0.95,clear,23683,0.9772,0.0272,0.1067,216.07
asp,aci,anticipative,5,0.95,transitional,16518,0.9552,0.0052,0.4302,794.72
asp,aci,anticipative,5,0.95,cloudy,4020,0.9741,0.0241,0.2116,276.91
asp,aci_regime,anticipative,5,0.95,all,44221,0.959,0.009,0.2096,411.08
asp,aci_regime,anticipative,5,0.95,clear,23683,0.9531,0.0031,0.0931,207.57
asp,aci_regime,anticipative,5,0.95,transitional,16518,0.9689,0.0189,0.408,734.19
asp,aci_regime,anticipative,5,0.95,cloudy,4020,0.9525,0.0025,0.1723,282.3
asp,aci_g0.01,anticipative,5,0.95,all,44221,0.9691,0.0191,0.2272,469.1
asp,aci_g0.02,anticipative,5,0.95,all,44221,0.9721,0.0221,0.2247,445.43
asp,aci_g0.05,anticipative,5,0.95,all,44221,0.9687,0.0187,0.2271,437.74
asp,aci_g0.1,anticipative,5,0.95,all,44221,0.9619,0.0119,0.247,461.45
asp,aci,delayed,5,0.95,all,44221,0.9687,0.0187,0.2271,437.74
asp,aci,delayed,5,0.95,clear,23683,0.9772,0.0272,0.1067,216.07
asp,aci,delayed,5,0.95,transitional,16518,0.9552,0.0052,0.4302,794.72
asp,aci,delayed,5,0.95,cloudy,4020,0.9741,0.0241,0.2116,276.91
asp,aci_regime,delayed,5,0.95,all,44221,0.959,0.009,0.2096,411.08
asp,aci_regime,delayed,5,0.95,clear,23683,0.9531,0.0031,0.0931,207.57
asp,aci_regime,delayed,5,0.95,transitional,16518,0.9689,0.0189,0.408,734.19
asp,aci_regime,delayed,5,0.95,cloudy,4020,0.9525,0.0025,0.1723,282.3
asp,aci_g0.01,delayed,5,0.95,all,44221,0.9691,0.0191,0.2272,469.1
asp,aci_g0.02,delayed,5,0.95,all,44221,0.9721,0.0221,0.2247,445.43
asp,aci_g0.05,delayed,5,0.95,all,44221,0.9687,0.0187,0.2271,437.74
asp,aci_g0.1,delayed,5,0.95,all,44221,0.9619,0.0119,0.247,461.45
asp,icp,static,60,0.8,all,40239,0.7515,-0.0485,0.1324,536.26
asp,icp,static,60,0.8,clear,22594,0.9355,0.1355,0.1368,295.79
asp,icp,static,60,0.8,transitional,13998,0.4876,-0.3124,0.1326,904.16
asp,icp,static,60,0.8,cloudy,3647,0.6246,-0.1754,0.1493,613.92
asp,icp_norm,static,60,0.8,all,40239,0.7609,-0.0391,0.168,498.21
asp,icp_norm,static,60,0.8,clear,22594,0.9274,0.1274,0.1748,328.71
asp,icp_norm,static,60,0.8,transitional,13998,0.5137,-0.2863,0.1671,763.22
asp,icp_norm,static,60,0.8,cloudy,3647,0.6781,-0.1219,0.1861,531.17
asp,mondrian,static,60,0.8,all,40239,0.7876,-0.0124,0.1416,427.05
asp,mondrian,static,60,0.8,clear,22594,0.7953,-0.0047,0.0434,234.14
asp,mondrian,static,60,0.8,transitional,13998,0.7844,-0.0156,0.2915,706.52
asp,mondrian,static,60,0.8,cloudy,3647,0.7516,-0.0484,0.2122,549.5
asp,cqr,static,60,0.8,all,40239,0.8007,0.0007,0.1466,340.55
asp,cqr,static,60,0.8,clear,22594,0.8156,0.0156,0.0535,176.21
asp,cqr,static,60,0.8,transitional,13998,0.7743,-0.0257,0.2774,574.0
asp,cqr,static,60,0.8,cloudy,3647,0.8094,0.0094,0.2684,462.63
asp,mondrian_cqr,static,60,0.8,all,40239,0.8018,0.0018,0.1471,340.43
asp,mondrian_cqr,static,60,0.8,clear,22594,0.8127,0.0127,0.0533,176.19
asp,mondrian_cqr,static,60,0.8,transitional,13998,0.783,-0.017,0.2793,573.68
asp,mondrian_cqr,static,60,0.8,cloudy,3647,0.8067,0.0067,0.2677,462.6
asp,cqr,rearranged,60,0.8,all,40239,0.7982,-0.0018,0.1467,340.75
asp,cqr,rearranged,60,0.8,clear,22594,0.8115,0.0115,0.0537,176.37
asp,cqr,rearranged,60,0.8,transitional,13998,0.7744,-0.0256,0.2774,574.27
asp,cqr,rearranged,60,0.8,cloudy,3647,0.8067,0.0067,0.2679,462.81
asp,mondrian_cqr,rearranged,60,0.8,all,40239,0.799,-0.001,0.1472,340.62
asp,mondrian_cqr,rearranged,60,0.8,clear,22594,0.8077,0.0077,0.0535,176.35
asp,mondrian_cqr,rearranged,60,0.8,transitional,13998,0.7828,-0.0172,0.2795,573.93
asp,mondrian_cqr,rearranged,60,0.8,cloudy,3647,0.8067,0.0067,0.2678,462.8
asp,aci,anticipative,60,0.8,all,40239,0.8392,0.0392,0.1664,340.07
asp,aci,anticipative,60,0.8,clear,22594,0.8426,0.0426,0.07,169.32
asp,aci,anticipative,60,0.8,transitional,13998,0.8365,0.0365,0.3152,593.93
asp,aci,anticipative,60,0.8,cloudy,3647,0.8289,0.0289,0.2383,423.51
asp,aci_regime,anticipative,60,0.8,all,40239,0.8292,0.0292,0.1708,354.96
asp,aci_regime,anticipative,60,0.8,clear,22594,0.8103,0.0103,0.0734,183.26
asp,aci_regime,anticipative,60,0.8,transitional,13998,0.8606,0.0606,0.323,607.61
asp,aci_regime,anticipative,60,0.8,cloudy,3647,0.8259,0.0259,0.2366,448.9
asp,aci_g0.01,anticipative,60,0.8,all,40239,0.8468,0.0468,0.1636,406.93
asp,aci_g0.02,anticipative,60,0.8,all,40239,0.8582,0.0582,0.1641,365.01
asp,aci_g0.05,anticipative,60,0.8,all,40239,0.8392,0.0392,0.1664,340.07
asp,aci_g0.1,anticipative,60,0.8,all,40239,0.8247,0.0247,0.1821,353.43
asp,aci,delayed,60,0.8,all,40239,0.8269,0.0269,0.3463,659.89
asp,aci,delayed,60,0.8,clear,22594,0.8286,0.0286,0.1822,369.79
asp,aci,delayed,60,0.8,transitional,13998,0.8233,0.0233,0.5873,1074.66
asp,aci,delayed,60,0.8,cloudy,3647,0.83,0.03,0.548,865.14
asp,aci_regime,delayed,60,0.8,all,40239,0.8048,0.0048,0.2874,581.55
asp,aci_regime,delayed,60,0.8,clear,22594,0.7818,-0.0182,0.2243,444.51
asp,aci_regime,delayed,60,0.8,transitional,13998,0.8433,0.0433,0.401,794.49
asp,aci_regime,delayed,60,0.8,cloudy,3647,0.7987,-0.0013,0.3276,613.3
asp,aci_g0.01,delayed,60,0.8,all,40239,0.8378,0.0378,0.1921,482.24
asp,aci_g0.02,delayed,60,0.8,all,40239,0.8494,0.0494,0.2403,518.3
asp,aci_g0.05,delayed,60,0.8,all,40239,0.8269,0.0269,0.3463,659.89
asp,aci_g0.1,delayed,60,0.8,all,40239,0.8091,0.0091,0.4758,852.17
asp,icp,static,60,0.9,all,40239,0.8716,-0.0284,0.2478,715.07
asp,icp,static,60,0.9,clear,22594,0.9697,0.0697,0.2577,488.44
asp,icp,static,60,0.9,transitional,13998,0.7232,-0.1768,0.2481,1080.6
asp,icp,static,60,0.9,cloudy,3647,0.8336,-0.0664,0.2676,716.06
asp,icp_norm,static,60,0.9,all,40239,0.8713,-0.0287,0.2689,639.62
asp,icp_norm,static,60,0.9,clear,22594,0.9591,0.0591,0.2808,494.54
asp,icp_norm,static,60,0.9,transitional,13998,0.7332,-0.1668,0.2683,875.21
asp,icp_norm,static,60,0.9,cloudy,3647,0.8569,-0.0431,0.2878,634.15
asp,mondrian,static,60,0.9,all,40239,0.8865,-0.0135,0.2037,574.06
asp,mondrian,static,60,0.9,clear,22594,0.8827,-0.0173,0.074,381.04
asp,mondrian,static,60,0.9,transitional,13998,0.8967,-0.0033,0.4026,858.2
asp,mondrian,static,60,0.9,cloudy,3647,0.8711,-0.0289,0.2994,679.22
asp,cqr,static,60,0.9,all,40239,0.895,-0.005,0.1958,428.67
asp,cqr,static,60,0.9,clear,22594,0.9051,0.0051,0.0893,259.94
asp,cqr,static,60,0.9,transitional,13998,0.8794,-0.0206,0.3443,665.95
asp,cqr,static,60,0.9,cloudy,3647,0.8922,-0.0078,0.3511,563.22
asp,mondrian_cqr,static,60,0.9,all,40239,0.8955,-0.0045,0.1964,428.4
asp,mondrian_cqr,static,60,0.9,clear,22594,0.9028,0.0028,0.0888,259.92
asp,mondrian_cqr,static,60,0.9,transitional,13998,0.8855,-0.0145,0.3473,665.17
asp,mondrian_cqr,static,60,0.9,cloudy,3647,0.8892,-0.0108,0.3496,563.41
asp,cqr,rearranged,60,0.9,all,40239,0.8978,-0.0022,0.1954,427.29
asp,cqr,rearranged,60,0.9,clear,22594,0.9089,0.0089,0.089,259.81
asp,cqr,rearranged,60,0.9,transitional,13998,0.8795,-0.0205,0.344,665.36
asp,cqr,rearranged,60,0.9,cloudy,3647,0.8996,-0.0004,0.3496,551.07
asp,mondrian_cqr,rearranged,60,0.9,all,40239,0.8985,-0.0015,0.1961,426.98
asp,mondrian_cqr,rearranged,60,0.9,clear,22594,0.906,0.006,0.0885,259.75
asp,mondrian_cqr,rearranged,60,0.9,transitional,13998,0.8861,-0.0139,0.347,664.57
asp,mondrian_cqr,rearranged,60,0.9,cloudy,3647,0.8991,-0.0009,0.3491,551.07
asp,aci,anticipative,60,0.9,all,40239,0.9377,0.0377,0.2329,438.78
asp,aci,anticipative,60,0.9,clear,22594,0.9453,0.0453,0.1223,258.79
asp,aci,anticipative,60,0.9,transitional,13998,0.9285,0.0285,0.4078,712.98
asp,aci,anticipative,60,0.9,cloudy,3647,0.9254,0.0254,0.3131,501.41
asp,aci_regime,anticipative,60,0.9,all,40239,0.926,0.026,0.2295,437.44
asp,aci_regime,anticipative,60,0.9,clear,22594,0.9172,0.0172,0.1111,244.68
asp,aci_regime,anticipative,60,0.9,transitional,13998,0.9411,0.0411,0.4164,726.69
asp,aci_regime,anticipative,60,0.9,cloudy,3647,0.9219,0.0219,0.3091,521.45
asp,aci_g0.01,anticipative,60,0.9,all,40239,0.9371,0.0371,0.2649,533.81
asp,aci_g0.02,anticipative,60,0.9,all,40239,0.9446,0.0446,0.2511,482.43
asp,aci_g0.05,anticipative,60,0.9,all,40239,0.9377,0.0377,0.2329,438.78
asp,aci_g0.1,anticipative,60,0.9,all,40239,0.9232,0.0232,0.246,448.78
asp,aci,delayed,60,0.9,all,40239,0.9214,0.0214,0.4045,769.1
asp,aci,delayed,60,0.9,clear,22594,0.9272,0.0272,0.2253,477.59
asp,aci,delayed,60,0.9,transitional,13998,0.9148,0.0148,0.6749,1195.32
asp,aci,delayed,60,0.9,cloudy,3647,0.9112,0.0112,0.6018,939.14
asp,aci_regime,delayed,60,0.9,all,40239,0.8922,-0.0078,0.345,711.91
asp,aci_regime,delayed,60,0.9,clear,22594,0.8763,-0.0237,0.2522,550.45
asp,aci_regime,delayed,60,0.9,transitional,13998,0.9183,0.0183,0.5049,964.13
asp,aci_regime,delayed,60,0.9,cloudy,3647,0.8903,-0.0097,0.4078,744.13
asp,aci_g0.01,delayed,60,0.9,all,40239,0.9261,0.0261,0.3195,666.54
asp,aci_g0.02,delayed,60,0.9,all,40239,0.9334,0.0334,0.3504,689.64
asp,aci_g0.05,delayed,60,0.9,all,40239,0.9214,0.0214,0.4045,769.1
asp,aci_g0.1,delayed,60,0.9,all,40239,0.8988,-0.0012,0.5011,914.41
asp,icp,static,60,0.95,all,40239,0.9383,-0.0117,0.3678,879.3
asp,icp,static,60,0.95,clear,22594,0.9828,0.0328,0.3854,695.32
asp,icp,static,60,0.95,transitional,13998,0.8677,-0.0823,0.368,1195.58
asp,icp,static,60,0.95,cloudy,3647,0.9339,-0.0161,0.3795,805.13
asp,icp_norm,static,60,0.95,all,40239,0.9347,-0.0153,0.3667,764.64
asp,icp_norm,static,60,0.95,clear,22594,0.9765,0.0265,0.3845,655.37
asp,icp_norm,static,60,0.95,transitional,13998,0.8692,-0.0808,0.3668,946.14
asp,icp_norm,static,60,0.95,cloudy,3647,0.9276,-0.0224,0.3758,745.0
asp,mondrian,static,60,0.95,all,40239,0.9399,-0.0101,0.2801,747.36
asp,mondrian,static,60,0.95,clear,22594,0.936,-0.014,0.1378,582.96
asp,mondrian,static,60,0.95,transitional,13998,0.9466,-0.0034,0.5022,1000.34
asp,mondrian,static,60,0.95,cloudy,3647,0.938,-0.012,0.3884,794.9
asp,cqr,static,60,0.95,all,40239,0.9463,-0.0037,0.2508,521.2
asp,cqr,static,60,0.95,clear,22594,0.9515,0.0015,0.1439,366.1
asp,cqr,static,60,0.95,transitional,13998,0.9356,-0.0144,0.4015,744.07
asp,cqr,static,60,0.95,cloudy,3647,0.955,0.005,0.4201,626.67
asp,mondrian_cqr,static,60,0.95,all,40239,0.9466,-0.0034,0.2511,521.01
asp,mondrian_cqr,static,60,0.95,clear,22594,0.951,0.001,0.1435,366.08
asp,mondrian_cqr,static,60,0.95,transitional,13998,0.9373,-0.0127,0.4028,743.53
asp,mondrian_cqr,static,60,0.95,cloudy,3647,0.9553,0.0053,0.4205,626.71
asp,cqr,rearranged,60,0.95,all,40239,0.9458,-0.0042,0.2497,520.49
asp,cqr,rearranged,60,0.95,clear,22594,0.9505,0.0005,0.1426,365.56
asp,cqr,rearranged,60,0.95,transitional,13998,0.9353,-0.0147,0.4001,742.8
asp,cqr,rearranged,60,0.95,cloudy,3647,0.9572,0.0072,0.421,627.1
asp,mondrian_cqr,rearranged,60,0.95,all,40239,0.9461,-0.0039,0.2502,520.14
asp,mondrian_cqr,rearranged,60,0.95,clear,22594,0.9499,-0.0001,0.1424,365.56
asp,mondrian_cqr,rearranged,60,0.95,transitional,13998,0.9379,-0.0121,0.4024,741.89
asp,mondrian_cqr,rearranged,60,0.95,cloudy,3647,0.9545,0.0045,0.4181,626.71
asp,aci,anticipative,60,0.95,all,40239,0.9755,0.0255,0.3307,583.87
asp,aci,anticipative,60,0.95,clear,22594,0.9805,0.0305,0.22,404.86
asp,aci,anticipative,60,0.95,transitional,13998,0.9693,0.0193,0.5176,867.0
asp,aci,anticipative,60,0.95,cloudy,3647,0.9682,0.0182,0.3926,606.21
asp,aci_regime,anticipative,60,0.95,all,40239,0.9675,0.0175,0.29,531.6
asp,aci_regime,anticipative,60,0.95,clear,22594,0.9642,0.0142,0.1516,313.85
asp,aci_regime,anticipative,60,0.95,transitional,13998,0.9738,0.0238,0.5112,861.53
asp,aci_regime,anticipative,60,0.95,cloudy,3647,0.9644,0.0144,0.3789,614.24
asp,aci_g0.01,anticipative,60,0.95,all,40239,0.9725,0.0225,0.3716,678.51
asp,aci_g0.02,anticipative,60,0.95,all,40239,0.9765,0.0265,0.354,631.01
asp,aci_g0.05,anticipative,60,0.95,all,40239,0.9755,0.0255,0.3307,583.87
asp,aci_g0.1,anticipative,60,0.95,all,40239,0.9692,0.0192,0.3269,575.03
asp,aci,delayed,60,0.95,all,40239,0.9614,0.0114,0.4497,877.62
asp,aci,delayed,60,0.95,clear,22594,0.9688,0.0188,0.2761,604.97
asp,aci,delayed,60,0.95,transitional,13998,0.9509,0.0009,0.7196,1292.87
asp,aci,delayed,60,0.95,cloudy,3647,0.9556,0.0056,0.6262,972.88
asp,aci_regime,delayed,60,0.95,all,40239,0.9364,-0.0136,0.356,817.24
asp,aci_regime,delayed,60,0.95,clear,22594,0.9271,-0.0229,0.218,627.68
asp,aci_regime,delayed,60,0.95,transitional,13998,0.9519,0.0019,0.5805,1109.04
asp,aci_regime,delayed,60,0.95,cloudy,3647,0.9353,-0.0147,0.4511,871.66
asp,aci_g0.01,delayed,60,0.95,all,40239,0.9633,0.0133,0.4291,839.19
asp,aci_g0.02,delayed,60,0.95,all,40239,0.9649,0.0149,0.4397,848.64
asp,aci_g0.05,delayed,60,0.95,all,40239,0.9614,0.0114,0.4497,877.62
asp,aci_g0.1,delayed,60,0.95,all,40239,0.9464,-0.0036,0.4885,952.66
asp,icp,static,15,0.8,all,43497,0.7442,-0.0558,0.0864,423.38
asp,icp,static,15,0.8,clear,23645,0.931,0.131,0.0935,193.51
asp,icp,static,15,0.8,transitional,15873,0.4657,-0.3343,0.0859,788.58
asp,icp,static,15,0.8,cloudy,3979,0.7452,-0.0548,0.0902,332.48
asp,icp_norm,static,15,0.8,all,43497,0.7561,-0.0439,0.1107,397.66
asp,icp_norm,static,15,0.8,clear,23645,0.9413,0.1413,0.1238,221.54
asp,icp_norm,static,15,0.8,transitional,15873,0.4688,-0.3312,0.1048,683.48
asp,icp_norm,static,15,0.8,cloudy,3979,0.8022,0.0022,0.1135,304.01
asp,mondrian,static,15,0.8,all,43497,0.783,-0.017,0.1041,330.11
asp,mondrian,static,15,0.8,clear,23645,0.7852,-0.0148,0.0243,150.38
asp,mondrian,static,15,0.8,transitional,15873,0.7821,-0.0179,0.2284,598.23
asp,mondrian,static,15,0.8,cloudy,3979,0.7731,-0.0269,0.0988,328.54
asp,cqr,static,15,0.8,all,43497,0.8063,0.0063,0.1115,254.14
asp,cqr,static,15,0.8,clear,23645,0.8202,0.0202,0.0359,102.86
asp,cqr,static,15,0.8,transitional,15873,0.783,-0.017,0.2242,470.8
asp,cqr,static,15,0.8,cloudy,3979,0.817,0.017,0.1351,288.79
asp,mondrian_cqr,static,15,0.8,all,43497,0.8067,0.0067,0.1116,254.13
asp,mondrian_cqr,static,15,0.8,clear,23645,0.8195,0.0195,0.0358,102.85
asp,mondrian_cqr,static,15,0.8,transitional,15873,0.784,-0.016,0.2244,470.77
asp,mondrian_cqr,static,15,0.8,cloudy,3979,0.8211,0.0211,0.1355,288.84
asp,cqr,rearranged,15,0.8,all,43497,0.8041,0.0041,0.1114,254.19
asp,cqr,rearranged,15,0.8,clear,23645,0.8184,0.0184,0.036,103.14
asp,cqr,rearranged,15,0.8,transitional,15873,0.7811,-0.0189,0.2242,470.9
asp,cqr,rearranged,15,0.8,cloudy,3979,0.8115,0.0115,0.1329,287.29
asp,mondrian_cqr,rearranged,15,0.8,all,43497,0.804,0.004,0.1115,254.19
asp,mondrian_cqr,rearranged,15,0.8,clear,23645,0.8156,0.0156,0.0359,103.13
asp,mondrian_cqr,rearranged,15,0.8,transitional,15873,0.7822,-0.0178,0.2244,470.88
asp,mondrian_cqr,rearranged,15,0.8,cloudy,3979,0.8221,0.0221,0.1341,287.44
asp,aci,anticipative,15,0.8,all,43497,0.8287,0.0287,0.1324,293.78
asp,aci,anticipative,15,0.8,clear,23645,0.8313,0.0313,0.0415,117.09
asp,aci,anticipative,15,0.8,transitional,15873,0.8259,0.0259,0.2771,560.86
asp,aci,anticipative,15,0.8,cloudy,3979,0.8243,0.0243,0.1193,278.34
asp,aci_regime,anticipative,15,0.8,all,43497,0.8181,0.0181,0.1339,299.19
asp,aci_regime,anticipative,15,0.8,clear,23645,0.7961,-0.0039,0.0502,135.69
asp,aci_regime,anticipative,15,0.8,transitional,15873,0.8526,0.0526,0.2703,542.25
asp,aci_regime,anticipative,15,0.8,cloudy,3979,0.8108,0.0108,0.1146,301.22
asp,aci_g0.01,anticipative,15,0.8,all,43497,0.8366,0.0366,0.1159,328.15
asp,aci_g0.02,anticipative,15,0.8,all,43497,0.8429,0.0429,0.1216,303.97
asp,aci_g0.05,anticipative,15,0.8,all,43497,0.8287,0.0287,0.1324,293.78
asp,aci_g0.1,anticipative,15,0.8,all,43497,0.8173,0.0173,0.1563,317.53
asp,aci,delayed,15,0.8,all,43497,0.8256,0.0256,0.1666,357.54
asp,aci,delayed,15,0.8,clear,23645,0.8283,0.0283,0.048,131.12
asp,aci,delayed,15,0.8,transitional,15873,0.8235,0.0235,0.3571,703.1
asp,aci,delayed,15,0.8,cloudy,3979,0.8175,0.0175,0.1397,324.47
asp,aci_regime,delayed,15,0.8,all,43497,0.8144,0.0144,0.1603,347.32
asp,aci_regime,delayed,15,0.8,clear,23645,0.7915,-0.0085,0.0811,184.91
asp,aci_regime,delayed,15,0.8,transitional,15873,0.8506,0.0506,0.2966,593.57
asp,aci_regime,delayed,15,0.8,cloudy,3979,0.8062,0.0062,0.1282,330.1
asp,aci_g0.01,delayed,15,0.8,all,43497,0.8346,0.0346,0.1198,338.77
asp,aci_g0.02,delayed,15,0.8,all,43497,0.8407,0.0407,0.1343,329.93
asp,aci_g0.05,delayed,15,0.8,all,43497,0.8256,0.0256,0.1666,357.54
asp,aci_g0.1,delayed,15,0.8,all,43497,0.8138,0.0138,0.2256,439.46
asp,icp,static,15,0.9,all,43497,0.8737,-0.0263,0.1845,585.01
asp,icp,static,15,0.9,clear,23645,0.9777,0.0777,0.2019,348.48
asp,icp,static,15,0.9,transitional,15873,0.707,-0.193,0.1824,973.17
asp,icp,static,15,0.9,cloudy,3979,0.9201,0.0201,0.1832,442.11
asp,icp_norm,static,15,0.9,all,43497,0.8733,-0.0267,0.2051,530.77
asp,icp_norm,static,15,0.9,clear,23645,0.9685,0.0685,0.2305,374.7
asp,icp_norm,static,15,0.9,transitional,15873,0.7147,-0.1853,0.1948,791.98
asp,icp_norm,static,15,0.9,cloudy,3979,0.9404,0.0404,0.2008,416.23
asp,mondrian,static,15,0.9,all,43497,0.8839,-0.0161,0.1574,446.75
asp,mondrian,static,15,0.9,clear,23645,0.8783,-0.0217,0.0454,250.13
asp,mondrian,static,15,0.9,transitional,15873,0.8935,-0.0065,0.3334,738.36
asp,mondrian,static,15,0.9,cloudy,3979,0.8786,-0.0214,0.1494,451.83
asp,cqr,static,15,0.9,all,43497,0.9014,0.0014,0.1478,314.16
asp,cqr,static,15,0.9,clear,23645,0.9106,0.0106,0.0563,150.35
asp,cqr,static,15,0.9,transitional,15873,0.8854,-0.0146,0.2823,543.98
asp,cqr,static,15,0.9,cloudy,3979,0.9105,0.0105,0.1899,370.82
asp,mondrian_cqr,static,15,0.9,all,43497,0.902,0.002,0.1485,313.99
asp,mondrian_cqr,static,15,0.9,clear,23645,0.9071,0.0071,0.056,150.31
asp,mondrian_cqr,static,15,0.9,transitional,15873,0.8923,-0.0077,0.2848,543.57
asp,mondrian_cqr,static,15,0.9,cloudy,3979,0.911,0.011,0.1899,370.82
asp,cqr,rearranged,15,0.9,all,43497,0.9015,0.0015,0.1475,313.87
asp,cqr,rearranged,15,0.9,clear,23645,0.9108,0.0108,0.0561,150.16
asp,cqr,rearranged,15,0.9,transitional,15873,0.8858,-0.0142,0.2818,543.59
asp,cqr,rearranged,15,0.9,cloudy,3979,0.9088,0.0088,0.1902,370.34
asp,mondrian_cqr,rearranged,15,0.9,all,43497,0.9024,0.0024,0.1483,313.75
asp,mondrian_cqr,rearranged,15,0.9,clear,23645,0.9081,0.0081,0.0558,150.12
asp,mondrian_cqr,rearranged,15,0.9,transitional,15873,0.891,-0.009,0.2838,543.25
asp,mondrian_cqr,rearranged,15,0.9,cloudy,3979,0.914,0.014,0.1918,370.58
asp,aci,anticipative,15,0.9,all,43497,0.9277,0.0277,0.1988,395.2
asp,aci,anticipative,15,0.9,clear,23645,0.9332,0.0332,0.0814,189.73
asp,aci,anticipative,15,0.9,transitional,15873,0.9216,0.0216,0.3903,710.34
asp,aci,anticipative,15,0.9,cloudy,3979,0.9198,0.0198,0.1764,359.08
asp,aci_regime,anticipative,15,0.9,all,43497,0.9136,0.0136,0.1906,388.94
asp,aci_regime,anticipative,15,0.9,clear,23645,0.9005,0.0005,0.0843,199.44
asp,aci_regime,anticipative,15,0.9,transitional,15873,0.9347,0.0347,0.3649,669.51
asp,aci_regime,anticipative,15,0.9,cloudy,3979,0.9073,0.0073,0.1731,395.86
asp,aci_g0.01,anticipative,15,0.9,all,43497,0.9307,0.0307,0.2039,444.55
asp,aci_g0.02,anticipative,15,0.9,all,43497,0.9364,0.0364,0.198,410.47
asp,aci_g0.05,anticipative,15,0.9,all,43497,0.9277,0.0277,0.1988,395.2
asp,aci_g0.1,anticipative,15,0.9,all,43497,0.9163,0.0163,0.2193,417.15
asp,aci,delayed,15,0.9,all,43497,0.9236,0.0236,0.2566,499.25
asp,aci,delayed,15,0.9,clear,23645,0.9298,0.0298,0.1006,226.2
asp,aci,delayed,15,0.9,transitional,15873,0.916,0.016,0.5128,921.37
asp,aci,delayed,15,0.9,cloudy,3979,0.9178,0.0178,0.2163,437.86
asp,aci_regime,delayed,15,0.9,all,43497,0.9088,0.0088,0.2382,476.14
asp,aci_regime,delayed,15,0.9,clear,23645,0.8942,-0.0058,0.138,285.44
asp,aci_regime,delayed,15,0.9,transitional,15873,0.9322,0.0322,0.4148,760.6
asp,aci_regime,delayed,15,0.9,cloudy,3979,0.9017,0.0017,0.1977,474.65
asp,aci_g0.01,delayed,15,0.9,all,43497,0.9293,0.0293,0.2148,468.59
asp,aci_g0.02,delayed,15,0.9,all,43497,0.9341,0.0341,0.2239,458.51
asp,aci_g0.05,delayed,15,0.9,all,43497,0.9236,0.0236,0.2566,499.25
asp,aci_g0.1,delayed,15,0.9,all,43497,0.9115,0.0115,0.3175,582.94
asp,icp,static,15,0.95,all,43497,0.9363,-0.0137,0.2897,741.12
asp,icp,static,15,0.95,clear,23645,0.9883,0.0383,0.32,524.53
asp,icp,static,15,0.95,transitional,15873,0.8507,-0.0993,0.2857,1105.58
asp,icp,static,15,0.95,cloudy,3979,0.9688,0.0188,0.2716,574.32
asp,icp_norm,static,15,0.95,all,43497,0.935,-0.015,0.2966,653.14
asp,icp_norm,static,15,0.95,clear,23645,0.9819,0.0319,0.3352,527.33
asp,icp_norm,static,15,0.95,transitional,15873,0.8565,-0.0935,0.2826,868.25
asp,icp_norm,static,15,0.95,cloudy,3979,0.9696,0.0196,0.2755,542.63
asp,mondrian,static,15,0.95,all,43497,0.9367,-0.0133,0.2218,578.81
asp,mondrian,static,15,0.95,clear,23645,0.9261,-0.0239,0.0877,384.15
asp,mondrian,static,15,0.95,transitional,15873,0.9515,0.0015,0.4354,865.81
asp,mondrian,static,15,0.95,cloudy,3979,0.9412,-0.0088,0.2158,590.71
asp,cqr,static,15,0.95,all,43497,0.9472,-0.0028,0.1852,382.49
asp,cqr,static,15,0.95,clear,23645,0.9518,0.0018,0.082,214.87
asp,cqr,static,15,0.95,transitional,15873,0.9395,-0.0105,0.3329,609.75
asp,cqr,static,15,0.95,cloudy,3979,0.9502,0.0002,0.2593,472.04
asp,mondrian_cqr,static,15,0.95,all,43497,0.9486,-0.0014,0.1875,382.07
asp,mondrian_cqr,static,15,0.95,clear,23645,0.9473,-0.0027,0.0808,214.88
asp,mondrian_cqr,static,15,0.95,transitional,15873,0.949,-0.001,0.3402,608.53
asp,mondrian_cqr,static,15,0.95,cloudy,3979,0.9548,0.0048,0.2625,472.23
asp,cqr,rearranged,15,0.95,all,43497,0.9474,-0.0026,0.1847,381.55
asp,cqr,rearranged,15,0.95,clear,23645,0.9516,0.0016,0.0815,214.56
asp,cqr,rearranged,15,0.95,transitional,15873,0.9391,-0.0109,0.3322,608.78
asp,cqr,rearranged,15,0.95,cloudy,3979,0.9558,0.0058,0.2599,467.42
asp,mondrian_cqr,rearranged,15,0.95,all,43497,0.9489,-0.0011,0.1868,381.07
asp,mondrian_cqr,rearranged,15,0.95,clear,23645,0.9483,-0.0017,0.0807,214.55
asp,mondrian_cqr,rearranged,15,0.95,transitional,15873,0.9484,-0.0016,0.3392,607.51
asp,mondrian_cqr,rearranged,15,0.95,cloudy,3979,0.9545,0.0045,0.2588,467.26
asp,aci,anticipative,15,0.95,all,43497,0.9709,0.0209,0.2832,522.8
asp,aci,anticipative,15,0.95,clear,23645,0.9762,0.0262,0.1599,311.58
asp,aci,anticipative,15,0.95,transitional,15873,0.9645,0.0145,0.4973,856.05
asp,aci,anticipative,15,0.95,cloudy,3979,0.9648,0.0148,0.242,448.57
asp,aci_regime,anticipative,15,0.95,all,43497,0.9594,0.0094,0.2543,485.47
asp,aci_regime,anticipative,15,0.95,clear,23645,0.9527,0.0027,0.1236,266.44
asp,aci_regime,anticipative,15,0.95,transitional,15873,0.9705,0.0205,0.4679,808.11
asp,aci_regime,anticipative,15,0.95,cloudy,3979,0.9545,0.0045,0.2448,499.96
asp,aci_g0.01,anticipative,15,0.95,all,43497,0.9695,0.0195,0.3008,579.3
asp,aci_g0.02,anticipative,15,0.95,all,43497,0.9733,0.0233,0.2935,548.91
asp,aci_g0.05,anticipative,15,0.95,all,43497,0.9709,0.0209,0.2832,522.8
asp,aci_g0.1,anticipative,15,0.95,all,43497,0.9638,0.0138,0.2989,544.76
asp,aci,delayed,15,0.95,all,43497,0.968,0.018,0.3536,654.38
asp,aci,delayed,15,0.95,clear,23645,0.9737,0.0237,0.1958,381.8
asp,aci,delayed,15,0.95,transitional,15873,0.9614,0.0114,0.6232,1074.56
asp,aci,delayed,15,0.95,cloudy,3979,0.9598,0.0098,0.315,597.97
asp,aci_regime,delayed,15,0.95,all,43497,0.9522,0.0022,0.3116,608.64
asp,aci_regime,delayed,15,0.95,clear,23645,0.9435,-0.0065,0.1804,382.74
asp,aci_regime,delayed,15,0.95,transitional,15873,0.9671,0.0171,0.5337,933.83
asp,aci_regime,delayed,15,0.95,cloudy,3979,0.9447,-0.0053,0.2977,653.81
asp,aci_g0.01,delayed,15,0.95,all,43497,0.968,0.018,0.3174,618.1
asp,aci_g0.02,delayed,15,0.95,all,43497,0.9713,0.0213,0.332,623.7
asp,aci_g0.05,delayed,15,0.95,all,43497,0.968,0.018,0.3536,654.38
asp,aci_g0.1,delayed,15,0.95,all,43497,0.9586,0.0086,0.3961,714.29
asp,icp,static,30,0.8,all,42411,0.7484,-0.0516,0.1053,479.46
asp,icp,static,30,0.8,clear,23518,0.9418,0.1418,0.1089,233.08
asp,icp,static,30,0.8,transitional,15010,0.4692,-0.3308,0.1052,863.82
asp,icp,static,30,0.8,cloudy,3883,0.657,-0.143,0.1114,485.93
asp,icp_norm,static,30,0.8,all,42411,0.7556,-0.0444,0.1364,448.18
asp,icp_norm,static,30,0.8,clear,23518,0.9337,0.1337,0.1437,268.37
asp,icp_norm,static,30,0.8,transitional,15010,0.4828,-0.3172,0.1329,736.44
asp,icp_norm,static,30,0.8,cloudy,3883,0.7317,-0.0683,0.1417,422.96
asp,mondrian,static,30,0.8,all,42411,0.7742,-0.0258,0.1212,375.21
asp,mondrian,static,30,0.8,clear,23518,0.773,-0.027,0.0305,182.23
asp,mondrian,static,30,0.8,transitional,15010,0.782,-0.018,0.2608,657.36
asp,mondrian,static,30,0.8,cloudy,3883,0.7517,-0.0483,0.1483,453.39
asp,cqr,static,30,0.8,all,42411,0.8049,0.0049,0.1305,297.82
asp,cqr,static,30,0.8,clear,23518,0.8179,0.0179,0.0425,135.19
asp,cqr,static,30,0.8,transitional,15010,0.7844,-0.0156,0.257,527.52
asp,cqr,static,30,0.8,cloudy,3883,0.8048,0.0048,0.198,394.93
asp,mondrian_cqr,static,30,0.8,all,42411,0.8055,0.0055,0.1306,297.81
asp,mondrian_cqr,static,30,0.8,clear,23518,0.8166,0.0166,0.0424,135.18
asp,mondrian_cqr,static,30,0.8,transitional,15010,0.7859,-0.0141,0.2573,527.49
asp,mondrian_cqr,static,30,0.8,cloudy,3883,0.8143,0.0143,0.1993,395.02
asp,cqr,rearranged,30,0.8,all,42411,0.8033,0.0033,0.1306,298.16
asp,cqr,rearranged,30,0.8,clear,23518,0.8147,0.0147,0.0428,135.65
asp,cqr,rearranged,30,0.8,transitional,15010,0.7855,-0.0145,0.2571,527.7
asp,cqr,rearranged,30,0.8,cloudy,3883,0.8032,0.0032,0.197,395.17
asp,mondrian_cqr,rearranged,30,0.8,all,42411,0.8038,0.0038,0.1307,298.17
asp,mondrian_cqr,rearranged,30,0.8,clear,23518,0.8138,0.0138,0.0427,135.64
asp,mondrian_cqr,rearranged,30,0.8,transitional,15010,0.7855,-0.0145,0.2572,527.7
asp,mondrian_cqr,rearranged,30,0.8,cloudy,3883,0.813,0.013,0.1985,395.26
asp,aci,anticipative,30,0.8,all,42411,0.833,0.033,0.1465,312.94
asp,aci,anticipative,30,0.8,clear,23518,0.8339,0.0339,0.0505,139.58
asp,aci,anticipative,30,0.8,transitional,15010,0.8338,0.0338,0.2958,574.44
asp,aci,anticipative,30,0.8,cloudy,3883,0.8241,0.0241,0.1731,352.08
asp,aci_regime,anticipative,30,0.8,all,42411,0.8205,0.0205,0.1508,326.24
asp,aci_regime,anticipative,30,0.8,clear,23518,0.8002,0.0002,0.0577,153.97
asp,aci_regime,anticipative,30,0.8,transitional,15010,0.8548,0.0548,0.2975,579.22
asp,aci_regime,anticipative,30,0.8,cloudy,3883,0.8117,0.0117,0.1718,391.8
asp,aci_g0.01,anticipative,30,0.8,all,42411,0.8412,0.0412,0.1375,365.08
asp,aci_g0.02,anticipative,30,0.8,all,42411,0.8491,0.0491,0.1403,332.24
asp,aci_g0.05,anticipative,30,0.8,all,42411,0.833,0.033,0.1465,312.94
asp,aci_g0.1,anticipative,30,0.8,all,42411,0.8203,0.0203,0.1636,325.96
asp,aci,delayed,30,0.8,all,42411,0.8256,0.0256,0.2249,456.38
asp,aci,delayed,30,0.8,clear,23518,0.8256,0.0256,0.0789,193.64
asp,aci,delayed,30,0.8,transitional,15010,0.8252,0.0252,0.4452,841.64
asp,aci,delayed,30,0.8,cloudy,3883,0.8269,0.0269,0.2951,558.48
asp,aci_regime,delayed,30,0.8,all,42411,0.8093,0.0093,0.2149,445.66
asp,aci_regime,delayed,30,0.8,clear,23518,0.7865,-0.0135,0.1347,281.76
asp,aci_regime,delayed,30,0.8,transitional,15010,0.847,0.047,0.3497,687.81
asp,aci_regime,delayed,30,0.8,cloudy,3883,0.8017,0.0017,0.2205,502.29
asp,aci_g0.01,delayed,30,0.8,all,42411,0.8368,0.0368,0.1485,395.88
asp,aci_g0.02,delayed,30,0.8,all,42411,0.8434,0.0434,0.1707,394.74
asp,aci_g0.05,delayed,30,0.8,all,42411,0.8256,0.0256,0.2249,456.38
asp,aci_g0.1,delayed,30,0.8,all,42411,0.8125,0.0125,0.3076,577.22
asp,icp,static,30,0.9,all,42411,0.8723,-0.0277,0.2162,649.9
asp,icp,static,30,0.9,clear,23518,0.975,0.075,0.2255,411.63
asp,icp,static,30,0.9,transitional,15010,0.7101,-0.1899,0.2156,1038.7
asp,icp,static,30,0.9,cloudy,3883,0.8769,-0.0231,0.2182,590.07
asp,icp_norm,static,30,0.9,all,42411,0.8722,-0.0278,0.2372,585.64
asp,icp_norm,static,30,0.9,clear,23518,0.9634,0.0634,0.2511,431.25
asp,icp_norm,static,30,0.9,transitional,15010,0.7211,-0.1789,0.2319,840.65
asp,icp_norm,static,30,0.9,cloudy,3883,0.9039,0.0039,0.2354,535.02
asp,mondrian,static,30,0.9,all,42411,0.8832,-0.0168,0.1799,503.06
asp,mondrian,static,30,0.9,clear,23518,0.8763,-0.0237,0.0555,296.09
asp,mondrian,static,30,0.9,transitional,15010,0.8935,-0.0065,0.3703,806.22
asp,mondrian,static,30,0.9,cloudy,3883,0.8846,-0.0154,0.2257,584.69
asp,cqr,static,30,0.9,all,42411,0.8982,-0.0018,0.1718,371.67
asp,cqr,static,30,0.9,clear,23518,0.9031,0.0031,0.0674,199.78
asp,cqr,static,30,0.9,transitional,15010,0.8889,-0.0111,0.3193,610.47
asp,cqr,static,30,0.9,cloudy,3883,0.9042,0.0042,0.2675,489.67
asp,mondrian_cqr,static,30,0.9,all,42411,0.8991,-0.0009,0.1727,371.55
asp,mondrian_cqr,static,30,0.9,clear,23518,0.9005,0.0005,0.067,199.77
asp,mondrian_cqr,static,30,0.9,transitional,15010,0.8949,-0.0051,0.3222,610.12
asp,mondrian_cqr,static,30,0.9,cloudy,3883,0.9068,0.0068,0.2688,489.77
asp,cqr,rearranged,30,0.9,all,42411,0.8991,-0.0009,0.1713,370.75
asp,cqr,rearranged,30,0.9,clear,23518,0.9055,0.0055,0.067,199.23
asp,cqr,rearranged,30,0.9,transitional,15010,0.8881,-0.0119,0.3187,609.36
asp,cqr,rearranged,30,0.9,cloudy,3883,0.9021,0.0021,0.2666,487.24
asp,mondrian_cqr,rearranged,30,0.9,all,42411,0.9001,0.0001,0.1724,370.6
asp,mondrian_cqr,rearranged,30,0.9,clear,23518,0.9025,0.0025,0.0666,199.21
asp,mondrian_cqr,rearranged,30,0.9,transitional,15010,0.8948,-0.0052,0.3219,608.95
asp,mondrian_cqr,rearranged,30,0.9,cloudy,3883,0.9063,0.0063,0.2682,487.33
asp,aci,anticipative,30,0.9,all,42411,0.9314,0.0314,0.2104,409.1
asp,aci,anticipative,30,0.9,clear,23518,0.9366,0.0366,0.0937,220.27
asp,aci,anticipative,30,0.9,transitional,15010,0.9262,0.0262,0.3955,699.62
asp,aci,anticipative,30,0.9,cloudy,3883,0.9199,0.0199,0.2366,429.7
asp,aci_regime,anticipative,30,0.9,all,42411,0.9176,0.0176,0.2068,405.77
asp,aci_regime,anticipative,30,0.9,clear,23518,0.9066,0.0066,0.0866,207.14
asp,aci_regime,anticipative,30,0.9,transitional,15010,0.9366,0.0366,0.3949,699.58
asp,aci_regime,anticipative,30,0.9,cloudy,3883,0.9106,0.0106,0.2426,473.07
asp,aci_g0.01,anticipative,30,0.9,all,42411,0.9339,0.0339,0.2328,488.11
asp,aci_g0.02,anticipative,30,0.9,all,42411,0.9401,0.0401,0.2216,445.06
asp,aci_g0.05,anticipative,30,0.9,all,42411,0.9314,0.0314,0.2104,409.1
asp,aci_g0.1,anticipative,30,0.9,all,42411,0.9193,0.0193,0.2216,414.41
asp,aci,delayed,30,0.9,all,42411,0.9233,0.0233,0.3176,602.69
asp,aci,delayed,30,0.9,clear,23518,0.9289,0.0289,0.1566,328.54
asp,aci,delayed,30,0.9,transitional,15010,0.9175,0.0175,0.5669,1012.21
asp,aci,delayed,30,0.9,cloudy,3883,0.9117,0.0117,0.3873,680.05
asp,aci_regime,delayed,30,0.9,all,42411,0.9025,0.0025,0.2978,585.79
asp,aci_regime,delayed,30,0.9,clear,23518,0.8877,-0.0123,0.1972,403.23
asp,aci_regime,delayed,30,0.9,transitional,15010,0.928,0.028,0.4638,850.32
asp,aci_regime,delayed,30,0.9,cloudy,3883,0.8931,-0.0069,0.3257,668.96
asp,aci_g0.01,delayed,30,0.9,all,42411,0.9295,0.0295,0.2545,542.93
asp,aci_g0.02,delayed,30,0.9,all,42411,0.935,0.035,0.2704,542.03
asp,aci_g0.05,delayed,30,0.9,all,42411,0.9233,0.0233,0.3176,602.69
asp,aci_g0.1,delayed,30,0.9,all,42411,0.9099,0.0099,0.3896,704.95
asp,icp,static,30,0.95,all,42411,0.9374,-0.0126,0.3273,812.13
asp,icp,static,30,0.95,clear,23518,0.9864,0.0364,0.3443,599.76
asp,icp,static,30,0.95,transitional,15010,0.8582,-0.0918,0.3261,1170.72
asp,icp,static,30,0.95,cloudy,3883,0.9469,-0.0031,0.3128,712.19
asp,icp_norm,static,30,0.95,all,42411,0.9335,-0.0165,0.3323,708.74
asp,icp_norm,static,30,0.95,clear,23518,0.9789,0.0289,0.3536,588.43
asp,icp_norm,static,30,0.95,transitional,15010,0.8584,-0.0916,0.3258,908.71
asp,icp_norm,static,30,0.95,cloudy,3883,0.9482,-0.0018,0.3139,664.39
asp,mondrian,static,30,0.95,all,42411,0.9397,-0.0103,0.2464,652.88
asp,mondrian,static,30,0.95,clear,23518,0.9345,-0.0155,0.0994,458.1
asp,mondrian,static,30,0.95,transitional,15010,0.9482,-0.0018,0.4742,938.96
asp,mondrian,static,30,0.95,cloudy,3883,0.939,-0.011,0.2972,726.67
asp,cqr,static,30,0.95,all,42411,0.9442,-0.0058,0.2121,450.82
asp,cqr,static,30,0.95,clear,23518,0.947,-0.003,0.0997,282.38
asp,cqr,static,30,0.95,transitional,15010,0.9407,-0.0093,0.3704,683.19
asp,cqr,static,30,0.95,cloudy,3883,0.9408,-0.0092,0.3247,572.82
asp,mondrian_cqr,static,30,0.95,all,42411,0.9447,-0.0053,0.2131,450.6
asp,mondrian_cqr,static,30,0.95,clear,23518,0.944,-0.006,0.0989,282.49
asp,mondrian_cqr,static,30,0.95,transitional,15010,0.9444,-0.0056,0.3731,682.59
asp,mondrian_cqr,static,30,0.95,cloudy,3883,0.95,0.0,0.3303,572.07
asp,cqr,rearranged,30,0.95,all,42411,0.945,-0.005,0.2114,450.11
asp,cqr,rearranged,30,0.95,clear,23518,0.9474,-0.0026,0.099,281.69
asp,cqr,rearranged,30,0.95,transitional,15010,0.9406,-0.0094,0.3694,683.16
asp,cqr,rearranged,30,0.95,cloudy,3883,0.9475,-0.0025,0.3251,569.24
asp,mondrian_cqr,rearranged,30,0.95,all,42411,0.9456,-0.0044,0.2126,449.87
asp,mondrian_cqr,rearranged,30,0.95,clear,23518,0.9449,-0.0051,0.0983,281.77
asp,mondrian_cqr,rearranged,30,0.95,transitional,15010,0.9448,-0.0052,0.373,682.38
asp,mondrian_cqr,rearranged,30,0.95,cloudy,3883,0.9536,0.0036,0.3289,569.26
asp,aci,anticipative,30,0.95,all,42411,0.973,0.023,0.2958,534.96
asp,aci,anticipative,30,0.95,clear,23518,0.9784,0.0284,0.1779,349.75
asp,aci,anticipative,30,0.95,transitional,15010,0.9669,0.0169,0.4926,829.49
asp,aci,anticipative,30,0.95,cloudy,3883,0.9642,0.0142,0.3045,518.18
asp,aci_regime,anticipative,30,0.95,all,42411,0.9621,0.0121,0.2669,501.01
asp,aci_regime,anticipative,30,0.95,clear,23518,0.957,0.007,0.1238,277.78
asp,aci_regime,anticipative,30,0.95,transitional,15010,0.9712,0.0212,0.4925,832.48
asp,aci_regime,anticipative,30,0.95,cloudy,3883,0.9583,0.0083,0.3079,571.76
asp,aci_g0.01,anticipative,30,0.95,all,42411,0.9703,0.0203,0.3378,632.89
asp,aci_g0.02,anticipative,30,0.95,all,42411,0.9746,0.0246,0.3219,587.04
asp,aci_g0.05,anticipative,30,0.95,all,42411,0.973,0.023,0.2958,534.96
asp,aci_g0.1,anticipative,30,0.95,all,42411,0.9656,0.0156,0.2958,533.71
asp,aci,delayed,30,0.95,all,42411,0.9665,0.0165,0.3955,742.97
asp,aci,delayed,30,0.95,clear,23518,0.9719,0.0219,0.2387,488.93
asp,aci,delayed,30,0.95,transitional,15010,0.9625,0.0125,0.6506,1117.61
asp,aci,delayed,30,0.95,cloudy,3883,0.9488,-0.0012,0.4359,833.38
asp,aci_regime,delayed,30,0.95,all,42411,0.9461,-0.0039,0.3592,720.02
asp,aci_regime,delayed,30,0.95,clear,23518,0.9377,-0.0123,0.2395,525.44
asp,aci_regime,delayed,30,0.95,transitional,15010,0.9616,0.0116,0.5603,999.51
asp,aci_regime,delayed,30,0.95,cloudy,3883,0.9369,-0.0131,0.379,818.17
asp,aci_g0.01,delayed,30,0.95,all,42411,0.9668,0.0168,0.3649,711.35
asp,aci_g0.02,delayed,30,0.95,all,42411,0.9691,0.0191,0.384,728.2
asp,aci_g0.05,delayed,30,0.95,all,42411,0.9665,0.0165,0.3955,742.97
asp,aci_g0.1,delayed,30,0.95,all,42411,0.9559,0.0059,0.4408,805.37
yulara,icp,static,5,0.8,all,40905,0.7643,-0.0357,0.0699,317.92
yulara,icp,static,5,0.8,clear,21783,0.9136,0.1136,0.0772,146.0
yulara,icp,static,5,0.8,transitional,15436,0.5238,-0.2762,0.0698,601.91
yulara,icp,static,5,0.8,cloudy,3686,0.8885,0.0885,0.0865,144.64
yulara,icp_norm,static,5,0.8,all,40905,0.7766,-0.0234,0.0942,319.27
yulara,icp_norm,static,5,0.8,clear,21783,0.9075,0.1075,0.1082,193.7
yulara,icp_norm,static,5,0.8,transitional,15436,0.5532,-0.2468,0.0901,535.96
yulara,icp_norm,static,5,0.8,cloudy,3686,0.9384,0.1384,0.1106,153.94
yulara,mondrian,static,5,0.8,all,40905,0.7984,-0.0016,0.0809,263.76
yulara,mondrian,static,5,0.8,clear,21783,0.8139,0.0139,0.0234,119.68
yulara,mondrian,static,5,0.8,transitional,15436,0.7718,-0.0282,0.173,497.19
yulara,mondrian,static,5,0.8,cloudy,3686,0.8177,0.0177,0.0604,137.66
yulara,cqr,static,5,0.8,all,40905,0.8021,0.0021,0.1005,228.58
yulara,cqr,static,5,0.8,clear,21783,0.8179,0.0179,0.0532,130.64
yulara,cqr,static,5,0.8,transitional,15436,0.7698,-0.0302,0.1807,386.7
yulara,cqr,static,5,0.8,cloudy,3686,0.8437,0.0437,0.0928,145.15
yulara,mondrian_cqr,static,5,0.8,all,40905,0.803,0.003,0.1013,228.39
yulara,mondrian_cqr,static,5,0.8,clear,21783,0.8093,0.0093,0.0528,130.61
yulara,mondrian_cqr,static,5,0.8,transitional,15436,0.7856,-0.0144,0.1835,386.29
yulara,mondrian_cqr,static,5,0.8,cloudy,3686,0.8383,0.0383,0.0921,145.0
yulara,cqr,rearranged,5,0.8,all,40905,0.8034,0.0034,0.0997,227.35
yulara,cqr,rearranged,5,0.8,clear,21783,0.8204,0.0204,0.0516,128.58
yulara,cqr,rearranged,5,0.8,transitional,15436,0.77,-0.03,0.1805,386.47
yulara,cqr,rearranged,5,0.8,cloudy,3686,0.8432,0.0432,0.0925,144.66
yulara,mondrian_cqr,rearranged,5,0.8,all,40905,0.8041,0.0041,0.1005,227.15
yulara,mondrian_cqr,rearranged,5,0.8,clear,21783,0.8109,0.0109,0.0513,128.55
yulara,mondrian_cqr,rearranged,5,0.8,transitional,15436,0.7871,-0.0129,0.1835,386.04
yulara,mondrian_cqr,rearranged,5,0.8,cloudy,3686,0.8348,0.0348,0.0915,144.46
yulara,aci,anticipative,5,0.8,all,40905,0.8096,0.0096,0.1091,241.01
yulara,aci,anticipative,5,0.8,clear,21783,0.804,0.004,0.0334,87.42
yulara,aci,anticipative,5,0.8,transitional,15436,0.8063,0.0063,0.2319,483.96
yulara,aci,anticipative,5,0.8,cloudy,3686,0.8562,0.0562,0.0767,131.29
yulara,aci_regime,anticipative,5,0.8,all,40905,0.8069,0.0069,0.104,238.25
yulara,aci_regime,anticipative,5,0.8,clear,21783,0.7822,-0.0178,0.0366,97.31
yulara,aci_regime,anticipative,5,0.8,transitional,15436,0.8368,0.0368,0.2161,462.4
yulara,aci_regime,anticipative,5,0.8,cloudy,3686,0.8277,0.0277,0.0662,132.46
yulara,aci_g0.01,anticipative,5,0.8,all,40905,0.8096,0.0096,0.0823,268.56
yulara,aci_g0.02,anticipative,5,0.8,all,40905,0.8133,0.0133,0.091,250.53
yulara,aci_g0.05,anticipative,5,0.8,all,40905,0.8096,0.0096,0.1091,241.01
yulara,aci_g0.1,anticipative,5,0.8,all,40905,0.8077,0.0077,0.1345,261.57
yulara,aci,delayed,5,0.8,all,40905,0.8096,0.0096,0.1091,241.01
yulara,aci,delayed,5,0.8,clear,21783,0.804,0.004,0.0334,87.42
yulara,aci,delayed,5,0.8,transitional,15436,0.8063,0.0063,0.2319,483.96
yulara,aci,delayed,5,0.8,cloudy,3686,0.8562,0.0562,0.0767,131.29
yulara,aci_regime,delayed,5,0.8,all,40905,0.8069,0.0069,0.104,238.25
yulara,aci_regime,delayed,5,0.8,clear,21783,0.7822,-0.0178,0.0366,97.31
yulara,aci_regime,delayed,5,0.8,transitional,15436,0.8368,0.0368,0.2161,462.4
yulara,aci_regime,delayed,5,0.8,cloudy,3686,0.8277,0.0277,0.0662,132.46
yulara,aci_g0.01,delayed,5,0.8,all,40905,0.8096,0.0096,0.0823,268.56
yulara,aci_g0.02,delayed,5,0.8,all,40905,0.8133,0.0133,0.091,250.53
yulara,aci_g0.05,delayed,5,0.8,all,40905,0.8096,0.0096,0.1091,241.01
yulara,aci_g0.1,delayed,5,0.8,all,40905,0.8077,0.0077,0.1345,261.57
yulara,icp,static,5,0.9,all,40905,0.8763,-0.0237,0.14,462.43
yulara,icp,static,5,0.9,clear,21783,0.9763,0.0763,0.1558,240.83
yulara,icp,static,5,0.9,transitional,15436,0.7131,-0.1869,0.1397,831.9
yulara,icp,static,5,0.9,cloudy,3686,0.9696,0.0696,0.1666,224.77
yulara,icp_norm,static,5,0.9,all,40905,0.8909,-0.0091,0.2113,463.25
yulara,icp_norm,static,5,0.9,clear,21783,0.9406,0.0406,0.2441,373.19
yulara,icp_norm,static,5,0.9,transitional,15436,0.7985,-0.1015,0.2026,633.4
yulara,icp_norm,static,5,0.9,cloudy,3686,0.984,0.084,0.2352,282.93
yulara,mondrian,static,5,0.9,all,40905,0.8878,-0.0122,0.1355,366.02
yulara,mondrian,static,5,0.9,clear,21783,0.8899,-0.0101,0.0559,194.21
yulara,mondrian,static,5,0.9,transitional,15436,0.8816,-0.0184,0.2695,649.61
yulara,mondrian,static,5,0.9,cloudy,3686,0.901,0.001,0.0943,193.8
yulara,cqr,static,5,0.9,all,40905,0.8988,-0.0012,0.1446,308.15
yulara,cqr,static,5,0.9,clear,21783,0.904,0.004,0.0807,200.55
yulara,cqr,static,5,0.9,transitional,15436,0.8794,-0.0206,0.2459,477.14
yulara,cqr,static,5,0.9,cloudy,3686,0.949,0.049,0.1789,236.33
yulara,mondrian_cqr,static,5,0.9,all,40905,0.9004,0.0004,0.146,307.26
yulara,mondrian_cqr,static,5,0.9,clear,21783,0.8978,-0.0022,0.0774,200.51
yulara,mondrian_cqr,static,5,0.9,transitional,15436,0.9002,0.0002,0.2559,475.75
yulara,mondrian_cqr,static,5,0.9,cloudy,3686,0.9167,0.0167,0.169,232.54
yulara,cqr,rearranged,5,0.9,all,40905,0.8986,-0.0014,0.1443,308.37
yulara,cqr,rearranged,5,0.9,clear,21783,0.9036,0.0036,0.0807,201.17
yulara,cqr,rearranged,5,0.9,transitional,15436,0.8799,-0.0201,0.2453,476.95
yulara,cqr,rearranged,5,0.9,cloudy,3686,0.9474,0.0474,0.1784,235.94
yulara,mondrian_cqr,rearranged,5,0.9,all,40905,0.9009,0.0009,0.1459,307.5
yulara,mondrian_cqr,rearranged,5,0.9,clear,21783,0.8982,-0.0018,0.0773,201.12
yulara,mondrian_cqr,rearranged,5,0.9,transitional,15436,0.9008,0.0008,0.2556,475.56
yulara,mondrian_cqr,rearranged,5,0.9,cloudy,3686,0.917,0.017,0.169,232.4
yulara,aci,anticipative,5,0.9,all,40905,0.9137,0.0137,0.1738,337.52
yulara,aci,anticipative,5,0.9,clear,21783,0.9153,0.0153,0.0667,142.3
yulara,aci,anticipative,5,0.9,transitional,15436,0.9045,0.0045,0.3501,647.49
yulara,aci,anticipative,5,0.9,cloudy,3686,0.9425,0.0425,0.132,193.12
yulara,aci_regime,anticipative,5,0.9,all,40905,0.9067,0.0067,0.1649,324.32
yulara,aci_regime,anticipative,5,0.9,clear,21783,0.8939,-0.0061,0.07,150.74
yulara,aci_regime,anticipative,5,0.9,transitional,15436,0.9235,0.0235,0.3256,599.56
yulara,aci_regime,anticipative,5,0.9,cloudy,3686,0.9126,0.0126,0.1148,197.53
yulara,aci_g0.01,anticipative,5,0.9,all,40905,0.9123,0.0123,0.1619,371.29
yulara,aci_g0.02,anticipative,5,0.9,all,40905,0.9166,0.0166,0.1657,347.64
yulara,aci_g0.05,anticipative,5,0.9,all,40905,0.9137,0.0137,0.1738,337.52
yulara,aci_g0.1,anticipative,5,0.9,all,40905,0.909,0.009,0.1923,349.97
yulara,aci,delayed,5,0.9,all,40905,0.9137,0.0137,0.1738,337.52
yulara,aci,delayed,5,0.9,clear,21783,0.9153,0.0153,0.0667,142.3
yulara,aci,delayed,5,0.9,transitional,15436,0.9045,0.0045,0.3501,647.49
yulara,aci,delayed,5,0.9,cloudy,3686,0.9425,0.0425,0.132,193.12
yulara,aci_regime,delayed,5,0.9,all,40905,0.9067,0.0067,0.1649,324.32
yulara,aci_regime,delayed,5,0.9,clear,21783,0.8939,-0.0061,0.07,150.74
yulara,aci_regime,delayed,5,0.9,transitional,15436,0.9235,0.0235,0.3256,599.56
yulara,aci_regime,delayed,5,0.9,cloudy,3686,0.9126,0.0126,0.1148,197.53
yulara,aci_g0.01,delayed,5,0.9,all,40905,0.9123,0.0123,0.1619,371.29
yulara,aci_g0.02,delayed,5,0.9,all,40905,0.9166,0.0166,0.1657,347.64
yulara,aci_g0.05,delayed,5,0.9,all,40905,0.9137,0.0137,0.1738,337.52
yulara,aci_g0.1,delayed,5,0.9,all,40905,0.909,0.009,0.1923,349.97
yulara,icp,static,5,0.95,all,40905,0.9347,-0.0153,0.2297,618.41
yulara,icp,static,5,0.95,clear,21783,0.9899,0.0399,0.258,374.24
yulara,icp,static,5,0.95,transitional,15436,0.8439,-0.1061,0.229,1034.77
yulara,icp,static,5,0.95,cloudy,3686,0.9883,0.0383,0.2587,317.81
yulara,icp_norm,static,5,0.95,all,40905,0.9475,-0.0025,0.3598,627.72
yulara,icp_norm,static,5,0.95,clear,21783,0.9591,0.0091,0.42,604.62
yulara,icp_norm,static,5,0.95,transitional,15436,0.9204,-0.0296,0.3462,710.97
yulara,icp_norm,static,5,0.95,cloudy,3686,0.9919,0.0419,0.3632,415.63
yulara,mondrian,static,5,0.95,all,40905,0.9441,-0.0059,0.207,469.56
yulara,mondrian,static,5,0.95,clear,21783,0.9443,-0.0057,0.1128,274.26
yulara,mondrian,static,5,0.95,transitional,15436,0.9413,-0.0087,0.3779,794.37
yulara,mondrian,static,5,0.95,cloudy,3686,0.9552,0.0052,0.1371,263.51
yulara,cqr,static,5,0.95,all,40905,0.9495,-0.0005,0.2222,401.44
yulara,cqr,static,5,0.95,clear,21783,0.9406,-0.0094,0.1457,281.72
yulara,cqr,static,5,0.95,transitional,15436,0.9518,0.0018,0.3362,572.06
yulara,cqr,static,5,0.95,cloudy,3686,0.9919,0.0419,0.3484,394.43
yulara,mondrian_cqr,static,5,0.95,all,40905,0.9497,-0.0003,0.2235,396.92
yulara,mondrian_cqr,static,5,0.95,clear,21783,0.95,0.0,0.1628,279.69
yulara,mondrian_cqr,static,5,0.95,transitional,15436,0.9464,-0.0036,0.3282,572.47
yulara,mondrian_cqr,static,5,0.95,cloudy,3686,0.9623,0.0123,0.2938,354.51
yulara,cqr,rearranged,5,0.95,all,40905,0.9498,-0.0002,0.2229,402.2
yulara,cqr,rearranged,5,0.95,clear,21783,0.9408,-0.0092,0.1469,283.33
yulara,cqr,rearranged,5,0.95,transitional,15436,0.9524,0.0024,0.3367,571.79
yulara,cqr,rearranged,5,0.95,cloudy,3686,0.9919,0.0419,0.3486,394.51
yulara,mondrian_cqr,rearranged,5,0.95,all,40905,0.95,0.0,0.2242,397.54
yulara,mondrian_cqr,rearranged,5,0.95,clear,21783,0.95,0.0,0.1639,281.32
yulara,mondrian_cqr,rearranged,5,0.95,transitional,15436,0.9467,-0.0033,0.3284,572.1
yulara,mondrian_cqr,rearranged,5,0.95,cloudy,3686,0.9639,0.0139,0.2942,353.4
yulara,aci,anticipative,5,0.95,all,40905,0.9623,0.0123,0.2539,454.39
yulara,aci,anticipative,5,0.95,clear,21783,0.9658,0.0158,0.1317,233.38
yulara,aci,anticipative,5,0.95,transitional,15436,0.9531,0.0031,0.4655,811.5
yulara,aci,anticipative,5,0.95,cloudy,3686,0.9799,0.0299,0.2033,264.98
yulara,aci_regime,anticipative,5,0.95,all,40905,0.9551,0.0051,0.2281,419.61
yulara,aci_regime,anticipative,5,0.95,clear,21783,0.9486,-0.0014,0.1093,216.67
yulara,aci_regime,anticipative,5,0.95,transitional,15436,0.9637,0.0137,0.4339,742.24
yulara,aci_regime,anticipative,5,0.95,cloudy,3686,0.9571,0.0071,0.1621,267.78
yulara,aci_g0.01,anticipative,5,0.95,all,40905,0.9657,0.0157,0.2499,481.48
yulara,aci_g0.02,anticipative,5,0.95,all,40905,0.967,0.017,0.2504,463.02
yulara,aci_g0.05,anticipative,5,0.95,all,40905,0.9623,0.0123,0.2539,454.39
yulara,aci_g0.1,anticipative,5,0.95,all,40905,0.9581,0.0081,0.2729,467.3
yulara,aci,delayed,5,0.95,all,40905,0.9623,0.0123,0.2539,454.39
yulara,aci,delayed,5,0.95,clear,21783,0.9658,0.0158,0.1317,233.38
yulara,aci,delayed,5,0.95,transitional,15436,0.9531,0.0031,0.4655,811.5
yulara,aci,delayed,5,0.95,cloudy,3686,0.9799,0.0299,0.2033,264.98
yulara,aci_regime,delayed,5,0.95,all,40905,0.9551,0.0051,0.2281,419.61
yulara,aci_regime,delayed,5,0.95,clear,21783,0.9486,-0.0014,0.1093,216.67
yulara,aci_regime,delayed,5,0.95,transitional,15436,0.9637,0.0137,0.4339,742.24
yulara,aci_regime,delayed,5,0.95,cloudy,3686,0.9571,0.0071,0.1621,267.78
yulara,aci_g0.01,delayed,5,0.95,all,40905,0.9657,0.0157,0.2499,481.48
yulara,aci_g0.02,delayed,5,0.95,all,40905,0.967,0.017,0.2504,463.02
yulara,aci_g0.05,delayed,5,0.95,all,40905,0.9623,0.0123,0.2539,454.39
yulara,aci_g0.1,delayed,5,0.95,all,40905,0.9581,0.0081,0.2729,467.3
yulara,icp,static,60,0.8,all,36794,0.7525,-0.0475,0.1613,537.35
yulara,icp,static,60,0.8,clear,19929,0.9325,0.1325,0.1781,318.4
yulara,icp,static,60,0.8,transitional,13590,0.5171,-0.2829,0.1612,839.87
yulara,icp,static,60,0.8,cloudy,3275,0.6339,-0.1661,0.1847,614.32
yulara,icp_norm,static,60,0.8,all,36794,0.7749,-0.0251,0.2368,527.16
yulara,icp_norm,static,60,0.8,clear,19929,0.8977,0.0977,0.2637,414.59
yulara,icp_norm,static,60,0.8,transitional,13590,0.5973,-0.2027,0.235,697.99
yulara,icp_norm,static,60,0.8,cloudy,3275,0.764,-0.036,0.2665,503.31
yulara,mondrian,static,60,0.8,all,36794,0.7968,-0.0032,0.1759,446.4
yulara,mondrian,static,60,0.8,clear,19929,0.821,0.021,0.0897,270.83
yulara,mondrian,static,60,0.8,transitional,13590,0.7699,-0.0301,0.3043,677.96
yulara,mondrian,static,60,0.8,cloudy,3275,0.7615,-0.0385,0.2564,553.92
yulara,cqr,static,60,0.8,all,36794,0.8234,0.0234,0.1857,373.97
yulara,cqr,static,60,0.8,clear,19929,0.8382,0.0382,0.0928,224.23
yulara,cqr,static,60,0.8,transitional,13590,0.7925,-0.0075,0.3043,559.83
yulara,cqr,static,60,0.8,cloudy,3275,0.8614,0.0614,0.3669,513.88
yulara,mondrian_cqr,static,60,0.8,all,36794,0.8228,0.0228,0.1856,373.59
yulara,mondrian_cqr,static,60,0.8,clear,19929,0.8387,0.0387,0.0929,224.26
yulara,mondrian_cqr,static,60,0.8,transitional,13590,0.8018,0.0018,0.3079,559.75
yulara,mondrian_cqr,static,60,0.8,cloudy,3275,0.8134,0.0134,0.348,509.83
yulara,cqr,rearranged,60,0.8,all,36794,0.8252,0.0252,0.1861,373.98
yulara,cqr,rearranged,60,0.8,clear,19929,0.8414,0.0414,0.0932,223.96
yulara,cqr,rearranged,60,0.8,transitional,13590,0.7929,-0.0071,0.3049,560.11
yulara,cqr,rearranged,60,0.8,cloudy,3275,0.8611,0.0611,0.3675,514.5
yulara,mondrian_cqr,rearranged,60,0.8,all,36794,0.8247,0.0247,0.186,373.63
yulara,mondrian_cqr,rearranged,60,0.8,clear,19929,0.8424,0.0424,0.0935,224.03
yulara,mondrian_cqr,rearranged,60,0.8,transitional,13590,0.8015,0.0015,0.3081,560.05
yulara,mondrian_cqr,rearranged,60,0.8,cloudy,3275,0.8131,0.0131,0.3481,510.42
yulara,aci,anticipative,60,0.8,all,36794,0.8265,0.0265,0.1878,351.09
yulara,aci,anticipative,60,0.8,clear,19929,0.8164,0.0164,0.0981,198.48
yulara,aci,anticipative,60,0.8,transitional,13590,0.84,0.04,0.3223,557.19
yulara,aci,anticipative,60,0.8,cloudy,3275,0.8311,0.0311,0.2719,424.5
yulara,aci_regime,anticipative,60,0.8,all,36794,0.8185,0.0185,0.19,370.01
yulara,aci_regime,anticipative,60,0.8,clear,19929,0.7935,-0.0065,0.0955,205.99
yulara,aci_regime,anticipative,60,0.8,transitional,13590,0.852,0.052,0.3319,589.57
yulara,aci_regime,anticipative,60,0.8,cloudy,3275,0.8318,0.0318,0.2714,457.05
yulara,aci_g0.01,anticipative,60,0.8,all,36794,0.8234,0.0234,0.188,426.0
yulara,aci_g0.02,anticipative,60,0.8,all,36794,0.8352,0.0352,0.1898,385.29
yulara,aci_g0.05,anticipative,60,0.8,all,36794,0.8265,0.0265,0.1878,351.09
yulara,aci_g0.1,anticipative,60,0.8,all,36794,0.8183,0.0183,0.1995,354.86
yulara,aci,delayed,60,0.8,all,36794,0.8058,0.0058,0.3167,582.57
yulara,aci,delayed,60,0.8,clear,19929,0.7938,-0.0062,0.1812,341.14
yulara,aci,delayed,60,0.8,transitional,13590,0.8201,0.0201,0.5163,898.47
yulara,aci,delayed,60,0.8,cloudy,3275,0.8198,0.0198,0.4874,740.88
yulara,aci_regime,delayed,60,0.8,all,36794,0.7873,-0.0127,0.2593,524.95
yulara,aci_regime,delayed,60,0.8,clear,19929,0.7549,-0.0451,0.1571,336.75
yulara,aci_regime,delayed,60,0.8,transitional,13590,0.829,0.029,0.4194,775.67
yulara,aci_regime,delayed,60,0.8,cloudy,3275,0.811,0.011,0.3585,629.86
yulara,aci_g0.01,delayed,60,0.8,all,36794,0.8109,0.0109,0.2093,493.43
yulara,aci_g0.02,delayed,60,0.8,all,36794,0.8226,0.0226,0.2506,516.05
yulara,aci_g0.05,delayed,60,0.8,all,36794,0.8058,0.0058,0.3167,582.57
yulara,aci_g0.1,delayed,60,0.8,all,36794,0.799,-0.001,0.4288,732.14
yulara,icp,static,60,0.9,all,36794,0.8702,-0.0298,0.2805,700.68
yulara,icp,static,60,0.9,clear,19929,0.9679,0.0679,0.3118,500.86
yulara,icp,static,60,0.9,transitional,13590,0.7353,-0.1647,0.28,989.95
yulara,icp,static,60,0.9,cloudy,3275,0.8348,-0.0652,0.3099,716.3
yulara,icp_norm,static,60,0.9,all,36794,0.8923,-0.0077,0.3909,686.22
yulara,icp_norm,static,60,0.9,clear,19929,0.9339,0.0339,0.4379,633.67
yulara,icp_norm,static,60,0.9,transitional,13590,0.8229,-0.0771,0.3896,780.42
yulara,icp_norm,static,60,0.9,cloudy,3275,0.927,0.027,0.4133,615.04
yulara,mondrian,static,60,0.9,all,36794,0.8981,-0.0019,0.2548,576.63
yulara,mondrian,static,60,0.9,clear,19929,0.8997,-0.0003,0.1411,403.79
yulara,mondrian,static,60,0.9,transitional,13590,0.8948,-0.0052,0.4249,809.24
yulara,mondrian,static,60,0.9,cloudy,3275,0.9014,0.0014,0.3764,663.09
yulara,cqr,static,60,0.9,all,36794,0.9094,0.0094,0.2686,480.82
yulara,cqr,static,60,0.9,clear,19929,0.9048,0.0048,0.1683,333.07
yulara,cqr,static,60,0.9,transitional,13590,0.903,0.003,0.3919,653.57
yulara,cqr,static,60,0.9,cloudy,3275,0.9637,0.0637,0.5449,663.09
yulara,mondrian_cqr,static,60,0.9,all,36794,0.9078,0.0078,0.2681,479.42
yulara,mondrian_cqr,static,60,0.9,clear,19929,0.9085,0.0085,0.1722,333.38
yulara,mondrian_cqr,static,60,0.9,transitional,13590,0.9032,0.0032,0.3922,653.57
yulara,mondrian_cqr,static,60,0.9,cloudy,3275,0.9224,0.0224,0.5103,645.39
yulara,cqr,rearranged,60,0.9,all,36794,0.9089,0.0089,0.2681,480.95
yulara,cqr,rearranged,60,0.9,clear,19929,0.9044,0.0044,0.1679,332.81
yulara,cqr,rearranged,60,0.9,transitional,13590,0.902,0.002,0.3913,654.5
yulara,cqr,rearranged,60,0.9,cloudy,3275,0.9649,0.0649,0.5441,662.2
yulara,mondrian_cqr,rearranged,60,0.9,all,36794,0.9073,0.0073,0.2678,479.49
yulara,mondrian_cqr,rearranged,60,0.9,clear,19929,0.9075,0.0075,0.1711,333.03
yulara,mondrian_cqr,rearranged,60,0.9,transitional,13590,0.9035,0.0035,0.3931,654.51
yulara,mondrian_cqr,rearranged,60,0.9,cloudy,3275,0.9221,0.0221,0.5099,644.37
yulara,aci,anticipative,60,0.9,all,36794,0.9286,0.0286,0.2604,449.47
yulara,aci,anticipative,60,0.9,clear,19929,0.9291,0.0291,0.1627,291.61
yulara,aci,anticipative,60,0.9,transitional,13590,0.9271,0.0271,0.4167,671.22
yulara,aci,anticipative,60,0.9,cloudy,3275,0.9313,0.0313,0.3495,489.92
yulara,aci_regime,anticipative,60,0.9,all,36794,0.9192,0.0192,0.2576,455.83
yulara,aci_regime,anticipative,60,0.9,clear,19929,0.907,0.007,0.143,272.3
yulara,aci_regime,anticipative,60,0.9,transitional,13590,0.9354,0.0354,0.4339,706.45
yulara,aci_regime,anticipative,60,0.9,cloudy,3275,0.9261,0.0261,0.357,532.63
yulara,aci_g0.01,anticipative,60,0.9,all,36794,0.9313,0.0313,0.2943,544.72
yulara,aci_g0.02,anticipative,60,0.9,all,36794,0.9377,0.0377,0.2807,495.65
yulara,aci_g0.05,anticipative,60,0.9,all,36794,0.9286,0.0286,0.2604,449.47
yulara,aci_g0.1,anticipative,60,0.9,all,36794,0.9183,0.0183,0.2645,445.85
yulara,aci,delayed,60,0.9,all,36794,0.8998,-0.0002,0.3944,717.56
yulara,aci,delayed,60,0.9,clear,19929,0.8884,-0.0116,0.2367,469.03
yulara,aci,delayed,60,0.9,transitional,13590,0.9138,0.0138,0.6264,1040.44
yulara,aci,delayed,60,0.9,cloudy,3275,0.9115,0.0115,0.6175,890.09
yulara,aci_regime,delayed,60,0.9,all,36794,0.8762,-0.0238,0.3191,658.66
yulara,aci_regime,delayed,60,0.9,clear,19929,0.8509,-0.0491,0.1893,459.62
yulara,aci_regime,delayed,60,0.9,transitional,13590,0.9082,0.0082,0.5177,920.59
yulara,aci_regime,delayed,60,0.9,cloudy,3275,0.898,-0.002,0.4606,782.92
yulara,aci_g0.01,delayed,60,0.9,all,36794,0.9194,0.0194,0.3367,651.66
yulara,aci_g0.02,delayed,60,0.9,all,36794,0.9194,0.0194,0.3657,671.12
yulara,aci_g0.05,delayed,60,0.9,all,36794,0.8998,-0.0002,0.3944,717.56
yulara,aci_g0.1,delayed,60,0.9,all,36794,0.8861,-0.0139,0.4574,794.61
yulara,icp,static,60,0.95,all,36794,0.94,-0.01,0.407,844.82
yulara,icp,static,60,0.95,clear,19929,0.9811,0.0311,0.4556,696.7
yulara,icp,static,60,0.95,transitional,13590,0.8801,-0.0699,0.4058,1070.06
yulara,icp,static,60,0.95,cloudy,3275,0.938,-0.012,0.4313,811.55
yulara,icp_norm,static,60,0.95,all,36794,0.9508,0.0008,0.5509,857.28
yulara,icp_norm,static,60,0.95,clear,19929,0.9568,0.0068,0.6229,857.35
yulara,icp_norm,static,60,0.95,transitional,13590,0.9368,-0.0132,0.551,890.24
yulara,icp_norm,static,60,0.95,cloudy,3275,0.9725,0.0225,0.5351,720.08
yulara,mondrian,static,60,0.95,all,36794,0.9461,-0.0039,0.3293,734.63
yulara,mondrian,static,60,0.95,clear,19929,0.9433,-0.0067,0.2043,591.2
yulara,mondrian,static,60,0.95,transitional,13590,0.9474,-0.0026,0.5203,934.28
yulara,mondrian,static,60,0.95,cloudy,3275,0.9576,0.0076,0.4849,778.97
yulara,cqr,static,60,0.95,all,36794,0.9522,0.0022,0.3608,591.76
yulara,cqr,static,60,0.95,clear,19929,0.946,-0.004,0.2717,450.53
yulara,cqr,static,60,0.95,transitional,13590,0.9518,0.0018,0.4849,759.03
yulara,cqr,static,60,0.95,cloudy,3275,0.9915,0.0415,0.6365,756.99
yulara,mondrian_cqr,static,60,0.95,all,36794,0.9525,0.0025,0.3592,588.2
yulara,mondrian_cqr,static,60,0.95,clear,19929,0.9545,0.0045,0.2854,450.22
yulara,mondrian_cqr,static,60,0.95,transitional,13590,0.9462,-0.0038,0.4744,760.34
yulara,mondrian_cqr,static,60,0.95,cloudy,3275,0.9658,0.0158,0.5758,713.57
yulara,cqr,rearranged,60,0.95,all,36794,0.9522,0.0022,0.3608,591.4
yulara,cqr,rearranged,60,0.95,clear,19929,0.9457,-0.0043,0.272,452.23
yulara,cqr,rearranged,60,0.95,transitional,13590,0.9524,0.0024,0.4844,755.77
yulara,cqr,rearranged,60,0.95,cloudy,3275,0.9918,0.0418,0.636,756.15
yulara,mondrian_cqr,rearranged,60,0.95,all,36794,0.9522,0.0022,0.359,587.68
yulara,mondrian_cqr,rearranged,60,0.95,clear,19929,0.9538,0.0038,0.2861,451.8
yulara,mondrian_cqr,rearranged,60,0.95,transitional,13590,0.9464,-0.0036,0.4731,757.01
yulara,mondrian_cqr,rearranged,60,0.95,cloudy,3275,0.9664,0.0164,0.5749,711.89
yulara,aci,anticipative,60,0.95,all,36794,0.973,0.023,0.3549,582.3
yulara,aci,anticipative,60,0.95,clear,19929,0.9775,0.0275,0.2662,432.04
yulara,aci,anticipative,60,0.95,transitional,13590,0.9669,0.0169,0.5164,801.32
yulara,aci,anticipative,60,0.95,cloudy,3275,0.9704,0.0204,0.4381,587.78
yulara,aci_regime,anticipative,60,0.95,all,36794,0.9644,0.0144,0.3258,549.41
yulara,aci_regime,anticipative,60,0.95,clear,19929,0.9591,0.0091,0.1991,350.52
yulara,aci_regime,anticipative,60,0.95,transitional,13590,0.9712,0.0212,0.5267,821.48
yulara,aci_regime,anticipative,60,0.95,cloudy,3275,0.9679,0.0179,0.4407,630.7
yulara,aci_g0.01,anticipative,60,0.95,all,36794,0.9706,0.0206,0.4022,678.76
yulara,aci_g0.02,anticipative,60,0.95,all,36794,0.9747,0.0247,0.384,634.73
yulara,aci_g0.05,anticipative,60,0.95,all,36794,0.973,0.023,0.3549,582.3
yulara,aci_g0.1,anticipative,60,0.95,all,36794,0.9661,0.0161,0.3447,562.55
yulara,aci,delayed,60,0.95,all,36794,0.9511,0.0011,0.4501,836.79
yulara,aci,delayed,60,0.95,clear,19929,0.9534,0.0034,0.3173,618.2
yulara,aci,delayed,60,0.95,transitional,13590,0.9478,-0.0022,0.659,1129.9
yulara,aci,delayed,60,0.95,cloudy,3275,0.9515,0.0015,0.6697,950.66
yulara,aci_regime,delayed,60,0.95,all,36794,0.9221,-0.0279,0.3628,787.25
yulara,aci_regime,delayed,60,0.95,clear,19929,0.9013,-0.0487,0.2168,610.54
yulara,aci_regime,delayed,60,0.95,transitional,13590,0.949,-0.001,0.5887,1024.67
yulara,aci_regime,delayed,60,0.95,cloudy,3275,0.9368,-0.0132,0.5131,877.37
yulara,aci_g0.01,delayed,60,0.95,all,36794,0.9596,0.0096,0.4472,813.16
yulara,aci_g0.02,delayed,60,0.95,all,36794,0.9612,0.0112,0.4567,816.86
yulara,aci_g0.05,delayed,60,0.95,all,36794,0.9511,0.0011,0.4501,836.79
yulara,aci_g0.1,delayed,60,0.95,all,36794,0.9253,-0.0247,0.4572,883.75
yulara,icp,static,15,0.8,all,40094,0.7601,-0.0399,0.1133,429.24
yulara,icp,static,15,0.8,clear,21496,0.9293,0.1293,0.1212,215.87
yulara,icp,static,15,0.8,transitional,14988,0.5081,-0.2919,0.1132,765.38
yulara,icp,static,15,0.8,cloudy,3610,0.7986,-0.0014,0.1245,304.12
yulara,icp_norm,static,15,0.8,all,40094,0.7767,-0.0233,0.1616,428.29
yulara,icp_norm,static,15,0.8,clear,21496,0.9102,0.1102,0.1783,295.46
yulara,icp_norm,static,15,0.8,transitional,14988,0.5617,-0.2383,0.1563,649.65
yulara,icp_norm,static,15,0.8,cloudy,3610,0.8748,0.0748,0.1687,300.2
yulara,mondrian,static,15,0.8,all,40094,0.7919,-0.0081,0.122,348.6
yulara,mondrian,static,15,0.8,clear,21496,0.8001,0.0001,0.0339,172.29
yulara,mondrian,static,15,0.8,transitional,14988,0.7775,-0.0225,0.254,612.26
yulara,mondrian,static,15,0.8,cloudy,3610,0.8025,0.0025,0.1264,303.84
yulara,cqr,static,15,0.8,all,40094,0.8087,0.0087,0.1351,291.74
yulara,cqr,static,15,0.8,clear,21496,0.8315,0.0315,0.0564,153.22
yulara,cqr,static,15,0.8,transitional,14988,0.7683,-0.0317,0.2472,486.66
yulara,cqr,static,15,0.8,cloudy,3610,0.8404,0.0404,0.18,307.28
yulara,mondrian_cqr,static,15,0.8,all,40094,0.8114,0.0114,0.1369,291.28
yulara,mondrian_cqr,static,15,0.8,clear,21496,0.8212,0.0212,0.0556,153.07
yulara,mondrian_cqr,static,15,0.8,transitional,14988,0.7945,-0.0055,0.2541,485.82
yulara,mondrian_cqr,static,15,0.8,cloudy,3610,0.8235,0.0235,0.176,306.48
yulara,cqr,rearranged,15,0.8,all,40094,0.8104,0.0104,0.1342,290.37
yulara,cqr,rearranged,15,0.8,clear,21496,0.8342,0.0342,0.0547,150.83
yulara,cqr,rearranged,15,0.8,transitional,14988,0.7691,-0.0309,0.247,486.7
yulara,cqr,rearranged,15,0.8,cloudy,3610,0.8404,0.0404,0.1802,306.1
yulara,mondrian_cqr,rearranged,15,0.8,all,40094,0.8122,0.0122,0.1359,289.9
yulara,mondrian_cqr,rearranged,15,0.8,clear,21496,0.823,0.023,0.0539,150.67
yulara,mondrian_cqr,rearranged,15,0.8,transitional,14988,0.7944,-0.0056,0.2538,485.9
yulara,mondrian_cqr,rearranged,15,0.8,cloudy,3610,0.8213,0.0213,0.1759,305.29
yulara,aci,anticipative,15,0.8,all,40094,0.8146,0.0146,0.1452,297.9
yulara,aci,anticipative,15,0.8,clear,21496,0.8048,0.0048,0.0485,125.78
yulara,aci,anticipative,15,0.8,transitional,14988,0.8247,0.0247,0.2934,552.06
yulara,aci,anticipative,15,0.8,cloudy,3610,0.8316,0.0316,0.1397,267.56
yulara,aci_regime,anticipative,15,0.8,all,40094,0.8068,0.0068,0.1427,304.39
yulara,aci_regime,anticipative,15,0.8,clear,21496,0.7801,-0.0199,0.0479,129.82
yulara,aci_regime,anticipative,15,0.8,transitional,14988,0.8423,0.0423,0.2887,558.69
yulara,aci_regime,anticipative,15,0.8,cloudy,3610,0.818,0.018,0.1346,288.11
yulara,aci_g0.01,anticipative,15,0.8,all,40094,0.8101,0.0101,0.1297,353.41
yulara,aci_g0.02,anticipative,15,0.8,all,40094,0.8189,0.0189,0.135,321.9
yulara,aci_g0.05,anticipative,15,0.8,all,40094,0.8146,0.0146,0.1452,297.9
yulara,aci_g0.1,anticipative,15,0.8,all,40094,0.8105,0.0105,0.1645,306.55
yulara,aci,delayed,15,0.8,all,40094,0.8108,0.0108,0.1762,355.08
yulara,aci,delayed,15,0.8,clear,21496,0.7999,-0.0001,0.0538,142.2
yulara,aci,delayed,15,0.8,transitional,14988,0.8229,0.0229,0.3646,671.68
yulara,aci,delayed,15,0.8,cloudy,3610,0.8252,0.0252,0.1609,308.23
yulara,aci_regime,delayed,15,0.8,all,40094,0.8023,0.0023,0.1608,340.4
yulara,aci_regime,delayed,15,0.8,clear,21496,0.7732,-0.0268,0.0675,165.13
yulara,aci_regime,delayed,15,0.8,transitional,14988,0.8409,0.0409,0.3076,598.58
yulara,aci_regime,delayed,15,0.8,cloudy,3610,0.815,0.015,0.1491,312.11
yulara,aci_g0.01,delayed,15,0.8,all,40094,0.8085,0.0085,0.1331,364.31
yulara,aci_g0.02,delayed,15,0.8,all,40094,0.8166,0.0166,0.1454,344.87
yulara,aci_g0.05,delayed,15,0.8,all,40094,0.8108,0.0108,0.1762,355.08
yulara,aci_g0.1,delayed,15,0.8,all,40094,0.8061,0.0061,0.2213,403.95
yulara,icp,static,15,0.9,all,40094,0.8755,-0.0245,0.2127,593.02
yulara,icp,static,15,0.9,clear,21496,0.9779,0.0779,0.2294,362.89
yulara,icp,static,15,0.9,transitional,14988,0.7152,-0.1848,0.2127,968.41
yulara,icp,static,15,0.9,cloudy,3610,0.931,0.031,0.2223,404.82
yulara,icp_norm,static,15,0.9,all,40094,0.8886,-0.0114,0.3001,584.23
yulara,icp_norm,static,15,0.9,clear,21496,0.9422,0.0422,0.3335,504.1
yulara,icp_norm,static,15,0.9,transitional,14988,0.7948,-0.1052,0.2915,736.24
yulara,icp_norm,static,15,0.9,cloudy,3610,0.959,0.059,0.2912,430.3
yulara,mondrian,static,15,0.9,all,40094,0.8916,-0.0084,0.1921,466.24
yulara,mondrian,static,15,0.9,clear,21496,0.8942,-0.0058,0.0872,268.9
yulara,mondrian,static,15,0.9,transitional,14988,0.8848,-0.0152,0.3566,763.76
yulara,mondrian,static,15,0.9,cloudy,3610,0.9042,0.0042,0.1878,406.09
yulara,cqr,static,15,0.9,all,40094,0.8998,-0.0002,0.1973,382.71
yulara,cqr,static,15,0.9,clear,21496,0.9005,0.0005,0.096,233.62
yulara,cqr,static,15,0.9,transitional,14988,0.886,-0.014,0.3262,578.04
yulara,cqr,static,15,0.9,cloudy,3610,0.9524,0.0524,0.3421,459.47
yulara,mondrian_cqr,static,15,0.9,all,40094,0.8995,-0.0005,0.1981,381.62
yulara,mondrian_cqr,static,15,0.9,clear,21496,0.8994,-0.0006,0.0952,233.63
yulara,mondrian_cqr,static,15,0.9,transitional,14988,0.896,-0.004,0.3333,577.1
yulara,mondrian_cqr,static,15,0.9,cloudy,3610,0.915,0.015,0.3232,451.28
yulara,cqr,rearranged,15,0.9,all,40094,0.8999,-0.0001,0.1974,382.86
yulara,cqr,rearranged,15,0.9,clear,21496,0.9009,0.0009,0.0963,234.06
yulara,cqr,rearranged,15,0.9,transitional,14988,0.8858,-0.0142,0.3259,577.85
yulara,cqr,rearranged,15,0.9,cloudy,3610,0.9524,0.0524,0.3418,459.33
yulara,mondrian_cqr,rearranged,15,0.9,all,40094,0.8997,-0.0003,0.1982,381.78
yulara,mondrian_cqr,rearranged,15,0.9,clear,21496,0.8993,-0.0007,0.0952,234.06
yulara,mondrian_cqr,rearranged,15,0.9,transitional,14988,0.8963,-0.0037,0.3333,576.87
yulara,mondrian_cqr,rearranged,15,0.9,cloudy,3610,0.9166,0.0166,0.3238,451.37
yulara,aci,anticipative,15,0.9,all,40094,0.9187,0.0187,0.2154,398.79
yulara,aci,anticipative,15,0.9,clear,21496,0.9178,0.0178,0.095,203.49
yulara,aci,anticipative,15,0.9,transitional,14988,0.9179,0.0179,0.405,692.75
yulara,aci,anticipative,15,0.9,cloudy,3610,0.9269,0.0269,0.2043,341.18
yulara,aci_regime,anticipative,15,0.9,all,40094,0.9074,0.0074,0.2059,393.57
yulara,aci_regime,anticipative,15,0.9,clear,21496,0.8932,-0.0068,0.0838,189.33
yulara,aci_regime,anticipative,15,0.9,transitional,14988,0.9269,0.0269,0.3957,689.22
yulara,aci_regime,anticipative,15,0.9,cloudy,3610,0.9108,0.0108,0.1998,382.24
yulara,aci_g0.01,anticipative,15,0.9,all,40094,0.9235,0.0235,0.2271,464.52
yulara,aci_g0.02,anticipative,15,0.9,all,40094,0.9255,0.0255,0.2218,429.31
yulara,aci_g0.05,anticipative,15,0.9,all,40094,0.9187,0.0187,0.2154,398.79
yulara,aci_g0.1,anticipative,15,0.9,all,40094,0.9122,0.0122,0.2266,397.74
yulara,aci,delayed,15,0.9,all,40094,0.9137,0.0137,0.2623,481.34
yulara,aci,delayed,15,0.9,clear,21496,0.9101,0.0101,0.1103,236.39
yulara,aci,delayed,15,0.9,transitional,14988,0.9164,0.0164,0.4996,848.95
yulara,aci,delayed,15,0.9,cloudy,3610,0.9241,0.0241,0.2529,413.72
yulara,aci_regime,delayed,15,0.9,all,40094,0.9001,0.0001,0.2403,460.19
yulara,aci_regime,delayed,15,0.9,clear,21496,0.8832,-0.0168,0.1144,249.38
yulara,aci_regime,delayed,15,0.9,transitional,14988,0.9231,0.0231,0.4401,768.87
yulara,aci_regime,delayed,15,0.9,cloudy,3610,0.905,0.005,0.2287,433.93
yulara,aci_g0.01,delayed,15,0.9,all,40094,0.9202,0.0202,0.2355,486.17
yulara,aci_g0.02,delayed,15,0.9,all,40094,0.9211,0.0211,0.2439,471.83
yulara,aci_g0.05,delayed,15,0.9,all,40094,0.9137,0.0137,0.2623,481.34
yulara,aci_g0.1,delayed,15,0.9,all,40094,0.9068,0.0068,0.3027,524.35
yulara,icp,static,15,0.95,all,40094,0.9363,-0.0137,0.3189,753.48
yulara,icp,static,15,0.95,clear,21496,0.988,0.038,0.347,528.94
yulara,icp,static,15,0.95,transitional,14988,0.8533,-0.0967,0.3187,1131.88
yulara,icp,static,15,0.95,cloudy,3610,0.9737,0.0237,0.315,519.51
yulara,icp_norm,static,15,0.95,all,40094,0.9455,-0.0045,0.4493,745.65
yulara,icp_norm,static,15,0.95,clear,21496,0.9592,0.0092,0.5042,733.7
yulara,icp_norm,static,15,0.95,transitional,14988,0.9171,-0.0329,0.4381,812.5
yulara,icp_norm,static,15,0.95,cloudy,3610,0.9817,0.0317,0.3979,539.18
yulara,mondrian,static,15,0.95,all,40094,0.9414,-0.0086,0.2557,594.13
yulara,mondrian,static,15,0.95,clear,21496,0.9445,-0.0055,0.1361,384.94
yulara,mondrian,static,15,0.95,transitional,14988,0.936,-0.014,0.4491,910.94
yulara,mondrian,static,15,0.95,cloudy,3610,0.9457,-0.0043,0.2425,524.45
yulara,cqr,static,15,0.95,all,40094,0.9512,0.0012,0.2842,485.15
yulara,cqr,static,15,0.95,clear,21496,0.9415,-0.0085,0.169,327.69
yulara,cqr,static,15,0.95,transitional,14988,0.955,0.005,0.4202,670.95
yulara,cqr,static,15,0.95,cloudy,3610,0.9934,0.0434,0.5302,651.44
yulara,mondrian_cqr,static,15,0.95,all,40094,0.9509,0.0009,0.2838,480.21
yulara,mondrian_cqr,static,15,0.95,clear,21496,0.9493,-0.0007,0.1833,325.93
yulara,mondrian_cqr,static,15,0.95,transitional,14988,0.9498,-0.0002,0.4116,670.71
yulara,mondrian_cqr,static,15,0.95,cloudy,3610,0.9657,0.0157,0.4756,607.99
yulara,cqr,rearranged,15,0.95,all,40094,0.9514,0.0014,0.285,486.02
yulara,cqr,rearranged,15,0.95,clear,21496,0.9416,-0.0084,0.1705,329.86
yulara,cqr,rearranged,15,0.95,transitional,14988,0.9554,0.0054,0.4204,670.2
yulara,cqr,rearranged,15,0.95,cloudy,3610,0.9936,0.0436,0.5302,651.19
yulara,mondrian_cqr,rearranged,15,0.95,all,40094,0.951,0.001,0.2846,480.89
yulara,mondrian_cqr,rearranged,15,0.95,clear,21496,0.9494,-0.0006,0.1853,328.06
yulara,mondrian_cqr,rearranged,15,0.95,transitional,14988,0.9498,-0.0002,0.4109,669.83
yulara,mondrian_cqr,rearranged,15,0.95,cloudy,3610,0.9659,0.0159,0.4755,606.45
yulara,aci,anticipative,15,0.95,all,40094,0.9668,0.0168,0.3032,519.41
yulara,aci,anticipative,15,0.95,clear,21496,0.9691,0.0191,0.1781,324.74
yulara,aci,anticipative,15,0.95,transitional,14988,0.9627,0.0127,0.5121,820.0
yulara,aci,anticipative,15,0.95,cloudy,3610,0.9695,0.0195,0.2784,430.64
yulara,aci_regime,anticipative,15,0.95,all,40094,0.9561,0.0061,0.277,495.4
yulara,aci_regime,anticipative,15,0.95,clear,21496,0.9492,-0.0008,0.1341,272.47
yulara,aci_regime,anticipative,15,0.95,transitional,14988,0.9658,0.0158,0.5027,823.05
yulara,aci_regime,anticipative,15,0.95,cloudy,3610,0.9571,0.0071,0.2721,462.5
yulara,aci_g0.01,anticipative,15,0.95,all,40094,0.967,0.017,0.3307,597.1
yulara,aci_g0.02,anticipative,15,0.95,all,40094,0.9717,0.0217,0.3227,561.19
yulara,aci_g0.05,anticipative,15,0.95,all,40094,0.9668,0.0168,0.3032,519.41
yulara,aci_g0.1,anticipative,15,0.95,all,40094,0.9608,0.0108,0.3039,515.17
yulara,aci,delayed,15,0.95,all,40094,0.9619,0.0119,0.3611,624.95
yulara,aci,delayed,15,0.95,clear,21496,0.9626,0.0126,0.2067,378.23
yulara,aci,delayed,15,0.95,transitional,14988,0.9595,0.0095,0.6133,1000.19
yulara,aci,delayed,15,0.95,cloudy,3610,0.9676,0.0176,0.3499,536.09
yulara,aci_regime,delayed,15,0.95,all,40094,0.9483,-0.0017,0.3203,595.32
yulara,aci_regime,delayed,15,0.95,clear,21496,0.9392,-0.0108,0.1731,362.95
yulara,aci_regime,delayed,15,0.95,transitional,14988,0.9614,0.0114,0.5553,928.81
yulara,aci_regime,delayed,15,0.95,cloudy,3610,0.9482,-0.0018,0.3223,594.41
yulara,aci_g0.01,delayed,15,0.95,all,40094,0.9652,0.0152,0.3461,631.59
yulara,aci_g0.02,delayed,15,0.95,all,40094,0.9693,0.0193,0.354,623.38
yulara,aci_g0.05,delayed,15,0.95,all,40094,0.9619,0.0119,0.3611,624.95
yulara,aci_g0.1,delayed,15,0.95,all,40094,0.9557,0.0057,0.3823,652.97
yulara,icp,static,30,0.8,all,38960,0.7527,-0.0473,0.1347,483.92
yulara,icp,static,30,0.8,clear,20991,0.9361,0.1361,0.1485,259.43
yulara,icp,static,30,0.8,transitional,14472,0.4981,-0.3019,0.1347,821.51
yulara,icp,static,30,0.8,cloudy,3497,0.7052,-0.0948,0.1529,434.34
yulara,icp_norm,static,30,0.8,all,38960,0.7732,-0.0268,0.1971,477.89
yulara,icp_norm,static,30,0.8,clear,20991,0.9064,0.1064,0.2223,351.03
yulara,icp_norm,static,30,0.8,transitional,14472,0.5693,-0.2307,0.1924,682.38
yulara,icp_norm,static,30,0.8,cloudy,3497,0.8173,0.0173,0.2149,393.05
yulara,mondrian,static,30,0.8,all,38960,0.7884,-0.0116,0.1417,394.13
yulara,mondrian,static,30,0.8,clear,20991,0.8037,0.0037,0.0502,211.5
yulara,mondrian,static,30,0.8,transitional,14472,0.766,-0.034,0.2764,653.75
yulara,mondrian,static,30,0.8,cloudy,3497,0.789,-0.011,0.1885,416.01
yulara,cqr,static,30,0.8,all,38960,0.8152,0.0152,0.1559,326.44
yulara,cqr,static,30,0.8,clear,20991,0.837,0.037,0.0674,176.83
yulara,cqr,static,30,0.8,transitional,14472,0.7769,-0.0231,0.276,524.73
yulara,cqr,static,30,0.8,cloudy,3497,0.8433,0.0433,0.2649,403.9
yulara,mondrian_cqr,static,30,0.8,all,38960,0.8157,0.0157,0.1571,325.99
yulara,mondrian_cqr,static,30,0.8,clear,20991,0.8298,0.0298,0.0663,176.61
yulara,mondrian_cqr,static,30,0.8,transitional,14472,0.7989,-0.0011,0.2829,524.17
yulara,mondrian_cqr,static,30,0.8,cloudy,3497,0.8007,0.0007,0.2546,402.51
yulara,cqr,rearranged,30,0.8,all,38960,0.8178,0.0178,0.1555,325.89
yulara,cqr,rearranged,30,0.8,clear,20991,0.8408,0.0408,0.0666,175.61
yulara,cqr,rearranged,30,0.8,transitional,14472,0.7779,-0.0221,0.276,525.01
yulara,cqr,rearranged,30,0.8,cloudy,3497,0.845,0.045,0.2653,403.92
yulara,mondrian_cqr,rearranged,30,0.8,all,38960,0.8188,0.0188,0.1569,325.43
yulara,mondrian_cqr,rearranged,30,0.8,clear,20991,0.8347,0.0347,0.0656,175.36
yulara,mondrian_cqr,rearranged,30,0.8,transitional,14472,0.8004,0.0004,0.2834,524.49
yulara,mondrian_cqr,rearranged,30,0.8,cloudy,3497,0.7987,-0.0013,0.2546,402.49
yulara,aci,anticipative,30,0.8,all,38960,0.819,0.019,0.1647,321.78
yulara,aci,anticipative,30,0.8,clear,20991,0.8055,0.0055,0.0653,155.68
yulara,aci,anticipative,30,0.8,transitional,14472,0.8371,0.0371,0.3148,557.26
yulara,aci,anticipative,30,0.8,cloudy,3497,0.8256,0.0256,0.2053,344.36
yulara,aci_regime,anticipative,30,0.8,all,38960,0.8089,0.0089,0.1625,333.61
yulara,aci_regime,anticipative,30,0.8,clear,20991,0.7813,-0.0187,0.0642,158.08
yulara,aci_regime,anticipative,30,0.8,transitional,14472,0.8463,0.0463,0.3114,579.83
yulara,aci_regime,anticipative,30,0.8,cloudy,3497,0.8201,0.0201,0.2005,368.31
yulara,aci_g0.01,anticipative,30,0.8,all,38960,0.8133,0.0133,0.1572,386.81
yulara,aci_g0.02,anticipative,30,0.8,all,38960,0.8255,0.0255,0.1586,350.38
yulara,aci_g0.05,anticipative,30,0.8,all,38960,0.819,0.019,0.1647,321.78
yulara,aci_g0.1,anticipative,30,0.8,all,38960,0.8129,0.0129,0.1807,328.51
yulara,aci,delayed,30,0.8,all,38960,0.8093,0.0093,0.241,456.85
yulara,aci,delayed,30,0.8,clear,20991,0.7915,-0.0085,0.0913,210.22
yulara,aci,delayed,30,0.8,transitional,14472,0.8308,0.0308,0.4595,798.09
yulara,aci,delayed,30,0.8,cloudy,3497,0.827,0.027,0.3334,525.08
yulara,aci_regime,delayed,30,0.8,all,38960,0.7962,-0.0038,0.2065,420.25
yulara,aci_regime,delayed,30,0.8,clear,20991,0.7636,-0.0364,0.1058,233.16
yulara,aci_regime,delayed,30,0.8,transitional,14472,0.8402,0.0402,0.3645,681.96
yulara,aci_regime,delayed,30,0.8,cloudy,3497,0.8098,0.0098,0.2495,460.22
yulara,aci_g0.01,delayed,30,0.8,all,38960,0.8085,0.0085,0.1666,416.92
yulara,aci_g0.02,delayed,30,0.8,all,38960,0.8179,0.0179,0.1856,410.09
yulara,aci_g0.05,delayed,30,0.8,all,38960,0.8093,0.0093,0.241,456.85
yulara,aci_g0.1,delayed,30,0.8,all,38960,0.802,0.002,0.3096,543.81
yulara,icp,static,30,0.9,all,38960,0.8721,-0.0279,0.2451,648.63
yulara,icp,static,30,0.9,clear,20991,0.9748,0.0748,0.2721,426.15
yulara,icp,static,30,0.9,transitional,14472,0.7178,-0.1822,0.2451,999.92
yulara,icp,static,30,0.9,cloudy,3497,0.8942,-0.0058,0.2659,530.22
yulara,icp_norm,static,30,0.9,all,38960,0.8891,-0.0109,0.3426,633.69
yulara,icp_norm,static,30,0.9,clear,20991,0.9402,0.0402,0.389,567.07
yulara,icp_norm,static,30,0.9,transitional,14472,0.8014,-0.0986,0.3361,759.34
yulara,icp_norm,static,30,0.9,cloudy,3497,0.9457,0.0457,0.3473,513.61
yulara,mondrian,static,30,0.9,all,38960,0.8914,-0.0086,0.2193,517.99
yulara,mondrian,static,30,0.9,clear,20991,0.8958,-0.0042,0.1107,324.55
yulara,mondrian,static,30,0.9,transitional,14472,0.8839,-0.0161,0.3887,795.8
yulara,mondrian,static,30,0.9,cloudy,3497,0.8959,-0.0041,0.2678,529.47
yulara,cqr,static,30,0.9,all,38960,0.9054,0.0054,0.2303,427.1
yulara,cqr,static,30,0.9,clear,20991,0.9038,0.0038,0.1242,272.14
yulara,cqr,static,30,0.9,transitional,14472,0.8964,-0.0036,0.3601,614.49
yulara,cqr,static,30,0.9,cloudy,3497,0.9525,0.0525,0.4642,581.79
yulara,mondrian_cqr,static,30,0.9,all,38960,0.9046,0.0046,0.2305,426.06
yulara,mondrian_cqr,static,30,0.9,clear,20991,0.9043,0.0043,0.1248,272.17
yulara,mondrian_cqr,static,30,0.9,transitional,14472,0.9035,0.0035,0.3658,614.38
yulara,mondrian_cqr,static,30,0.9,cloudy,3497,0.9108,0.0108,0.4366,570.44
yulara,cqr,rearranged,30,0.9,all,38960,0.9053,0.0053,0.2288,424.66
yulara,cqr,rearranged,30,0.9,clear,20991,0.9037,0.0037,0.1215,268.01
yulara,cqr,rearranged,30,0.9,transitional,14472,0.896,-0.004,0.3596,613.9
yulara,cqr,rearranged,30,0.9,cloudy,3497,0.9531,0.0531,0.4645,581.76
yulara,mondrian_cqr,rearranged,30,0.9,all,38960,0.9042,0.0042,0.2288,423.57
yulara,mondrian_cqr,rearranged,30,0.9,clear,20991,0.9038,0.0038,0.1216,268.01
yulara,mondrian_cqr,rearranged,30,0.9,transitional,14472,0.9031,0.0031,0.3653,613.77
yulara,mondrian_cqr,rearranged,30,0.9,cloudy,3497,0.9119,0.0119,0.4362,570.14
yulara,aci,anticipative,30,0.9,all,38960,0.9224,0.0224,0.2349,421.2
yulara,aci,anticipative,30,0.9,clear,20991,0.9193,0.0193,0.1213,242.77
yulara,aci,anticipative,30,0.9,transitional,14472,0.9265,0.0265,0.4147,680.64
yulara,aci,anticipative,30,0.9,cloudy,3497,0.9242,0.0242,0.2783,418.53
yulara,aci_regime,anticipative,30,0.9,all,38960,0.9111,0.0111,0.2268,417.01
yulara,aci_regime,anticipative,30,0.9,clear,20991,0.8962,-0.0038,0.103,218.05
yulara,aci_regime,anticipative,30,0.9,transitional,14472,0.9309,0.0309,0.4182,700.21
yulara,aci_regime,anticipative,30,0.9,cloudy,3497,0.9182,0.0182,0.2735,439.27
yulara,aci_g0.01,anticipative,30,0.9,all,38960,0.929,0.029,0.2577,499.03
yulara,aci_g0.02,anticipative,30,0.9,all,38960,0.9312,0.0312,0.2488,458.27
yulara,aci_g0.05,anticipative,30,0.9,all,38960,0.9224,0.0224,0.2349,421.2
yulara,aci_g0.1,anticipative,30,0.9,all,38960,0.9141,0.0141,0.2425,416.24
yulara,aci,delayed,30,0.9,all,38960,0.91,0.01,0.3309,591.41
yulara,aci,delayed,30,0.9,clear,20991,0.9008,0.0008,0.1642,333.3
yulara,aci,delayed,30,0.9,transitional,14472,0.9207,0.0207,0.5847,953.11
yulara,aci,delayed,30,0.9,cloudy,3497,0.9208,0.0208,0.4326,643.88
yulara,aci_regime,delayed,30,0.9,all,38960,0.8925,-0.0075,0.2914,554.72
yulara,aci_regime,delayed,30,0.9,clear,20991,0.8696,-0.0304,0.1687,352.97
yulara,aci_regime,delayed,30,0.9,transitional,14472,0.923,0.023,0.4923,840.98
yulara,aci_regime,delayed,30,0.9,cloudy,3497,0.9036,0.0036,0.335,581.11
yulara,aci_g0.01,delayed,30,0.9,all,38960,0.9232,0.0232,0.2804,552.91
yulara,aci_g0.02,delayed,30,0.9,all,38960,0.9204,0.0204,0.2962,551.0
yulara,aci_g0.05,delayed,30,0.9,all,38960,0.91,0.01,0.3309,591.41
yulara,aci_g0.1,delayed,30,0.9,all,38960,0.8984,-0.0016,0.3884,659.97
yulara,icp,static,30,0.95,all,38960,0.9356,-0.0144,0.3578,804.04
yulara,icp,static,30,0.95,clear,20991,0.9849,0.0349,0.4003,604.77
yulara,icp,static,30,0.95,transitional,14472,0.8586,-0.0914,0.3575,1132.58
yulara,icp,static,30,0.95,cloudy,3497,0.9591,0.0091,0.3689,640.51
yulara,icp_norm,static,30,0.95,all,38960,0.9475,-0.0025,0.495,796.44
yulara,icp_norm,static,30,0.95,clear,20991,0.9583,0.0083,0.5674,794.73
yulara,icp_norm,static,30,0.95,transitional,14472,0.9254,-0.0246,0.4875,841.02
yulara,icp_norm,static,30,0.95,cloudy,3497,0.974,0.024,0.4587,622.21
yulara,mondrian,static,30,0.95,all,38960,0.9424,-0.0076,0.2839,657.29
yulara,mondrian,static,30,0.95,clear,20991,0.9426,-0.0074,0.1563,473.13
yulara,mondrian,static,30,0.95,transitional,14472,0.9397,-0.0103,0.4852,927.1
yulara,mondrian,static,30,0.95,cloudy,3497,0.9528,0.0028,0.3519,646.16
yulara,cqr,static,30,0.95,all,38960,0.9514,0.0014,0.3124,526.23
yulara,cqr,static,30,0.95,clear,20991,0.9425,-0.0075,0.2043,367.53
yulara,cqr,static,30,0.95,transitional,14472,0.9547,0.0047,0.4499,714.1
yulara,cqr,static,30,0.95,cloudy,3497,0.9908,0.0408,0.5877,701.33
yulara,mondrian_cqr,static,30,0.95,all,38960,0.9513,0.0013,0.3116,521.65
yulara,mondrian_cqr,static,30,0.95,clear,20991,0.9513,0.0013,0.2192,366.13
yulara,mondrian_cqr,static,30,0.95,transitional,14472,0.9487,-0.0013,0.4407,714.24
yulara,mondrian_cqr,static,30,0.95,cloudy,3497,0.9623,0.0123,0.5256,658.17
yulara,cqr,rearranged,30,0.95,all,38960,0.9519,0.0019,0.3149,529.02
yulara,cqr,rearranged,30,0.95,clear,20991,0.9424,-0.0076,0.2087,373.57
yulara,cqr,rearranged,30,0.95,transitional,14472,0.9563,0.0063,0.4508,712.9
yulara,cqr,rearranged,30,0.95,cloudy,3497,0.9908,0.0408,0.5874,701.09
yulara,mondrian_cqr,rearranged,30,0.95,all,38960,0.9513,0.0013,0.3132,524.28
yulara,mondrian_cqr,rearranged,30,0.95,clear,20991,0.9506,0.0006,0.2235,372.1
yulara,mondrian_cqr,rearranged,30,0.95,transitional,14472,0.9492,-0.0008,0.4394,712.76
yulara,mondrian_cqr,rearranged,30,0.95,cloudy,3497,0.9634,0.0134,0.5256,657.74
yulara,aci,anticipative,30,0.95,all,38960,0.9695,0.0195,0.3236,541.75
yulara,aci,anticipative,30,0.95,clear,20991,0.9721,0.0221,0.2173,367.35
yulara,aci,anticipative,30,0.95,transitional,14472,0.9663,0.0163,0.5114,805.29
yulara,aci,anticipative,30,0.95,cloudy,3497,0.9668,0.0168,0.3509,498.01
yulara,aci_regime,anticipative,30,0.95,all,38960,0.959,0.009,0.2964,515.51
yulara,aci_regime,anticipative,30,0.95,clear,20991,0.9519,0.0019,0.1549,298.79
yulara,aci_regime,anticipative,30,0.95,transitional,14472,0.9684,0.0184,0.5186,827.26
yulara,aci_regime,anticipative,30,0.95,cloudy,3497,0.9625,0.0125,0.3621,526.24
yulara,aci_g0.01,anticipative,30,0.95,all,38960,0.9691,0.0191,0.3619,633.42
yulara,aci_g0.02,anticipative,30,0.95,all,38960,0.9734,0.0234,0.3486,589.83
yulara,aci_g0.05,anticipative,30,0.95,all,38960,0.9695,0.0195,0.3236,541.75
yulara,aci_g0.1,anticipative,30,0.95,all,38960,0.9624,0.0124,0.3248,541.94
yulara,aci,delayed,30,0.95,all,38960,0.9558,0.0058,0.4171,727.17
yulara,aci,delayed,30,0.95,clear,20991,0.9502,0.0002,0.2546,486.38
yulara,aci,delayed,30,0.95,transitional,14472,0.9625,0.0125,0.6729,1061.5
yulara,aci,delayed,30,0.95,cloudy,3497,0.9611,0.0111,0.5501,788.94
yulara,aci_regime,delayed,30,0.95,all,38960,0.9378,-0.0122,0.3541,691.66
yulara,aci_regime,delayed,30,0.95,clear,20991,0.9213,-0.0287,0.2078,478.43
yulara,aci_regime,delayed,30,0.95,transitional,14472,0.9592,0.0092,0.5906,993.72
yulara,aci_regime,delayed,30,0.95,cloudy,3497,0.9482,-0.0018,0.4269,721.58
yulara,aci_g0.01,delayed,30,0.95,all,38960,0.9653,0.0153,0.3898,704.46
yulara,aci_g0.02,delayed,30,0.95,all,38960,0.9685,0.0185,0.4042,706.23
yulara,aci_g0.05,delayed,30,0.95,all,38960,0.9558,0.0058,0.4171,727.17
yulara,aci_g0.1,delayed,30,0.95,all,38960,0.9453,-0.0047,0.4576,786.32
