site,horizon_min,protocol,policy,theta,lam,mean_daily,cvar95_daily,value_captured_mean,value_captured_cvar,soc_min,soc_max,selection_objective
asp,5,A,cqr,0.825,0.0,14.1,132.13,0.9222,0.8018,0.1,1.0,6.27
asp,5,A_meancvar_lam0.25,cqr,0.825,0.25,14.1,132.13,0.9222,0.8018,0.1,1.0,20.15
asp,5,A_meancvar_lam0.5,cqr,0.825,0.5,14.1,132.13,0.9222,0.8018,0.1,1.0,34.03
asp,5,A_meancvar_lam0.75,cqr,0.825,0.75,14.1,132.13,0.9222,0.8018,0.1,1.0,47.92
asp,5,A_meancvar_lam1.0,cqr,0.825,1.0,14.1,132.13,0.9222,0.8018,0.1,1.0,61.8
asp,5,A,icp,0.9,0.0,18.26,192.92,0.8993,0.7107,0.1,0.882,3.9
asp,5,A_meancvar_lam0.25,icp,0.9,0.25,18.26,192.92,0.8993,0.7107,0.1,0.882,14.52
asp,5,A_meancvar_lam0.5,icp,0.9,0.5,18.26,192.92,0.8993,0.7107,0.1,0.882,25.14
asp,5,A_meancvar_lam0.75,icp,0.9,0.75,18.26,192.92,0.8993,0.7107,0.1,0.882,35.76
asp,5,A_meancvar_lam1.0,icp,0.9,1.0,18.26,192.92,0.8993,0.7107,0.1,0.882,46.38
asp,5,A,mondrian,0.825,0.0,11.87,158.83,0.9345,0.7618,0.1,1.0,4.68
asp,5,A_meancvar_lam0.25,mondrian,0.85,0.25,11.97,138.25,0.934,0.7927,0.1,1.0,19.52
asp,5,A_meancvar_lam0.5,mondrian,0.85,0.5,11.97,138.25,0.934,0.7927,0.1,1.0,33.87
asp,5,A_meancvar_lam0.75,mondrian,0.85,0.75,11.97,138.25,0.934,0.7927,0.1,1.0,48.23
asp,5,A_meancvar_lam1.0,mondrian,0.85,1.0,11.97,138.25,0.934,0.7927,0.1,1.0,62.58
asp,5,A,mondrian_cqr,0.825,0.0,14.13,132.11,0.9221,0.8019,0.1,1.0,6.25
asp,5,A_meancvar_lam0.25,mondrian_cqr,0.825,0.25,14.13,132.11,0.9221,0.8019,0.1,1.0,20.17
asp,5,A_meancvar_lam0.5,mondrian_cqr,0.825,0.5,14.13,132.11,0.9221,0.8019,0.1,1.0,34.09
asp,5,A_meancvar_lam0.75,mondrian_cqr,0.825,0.75,14.13,132.11,0.9221,0.8019,0.1,1.0,48.01
asp,5,A_meancvar_lam1.0,mondrian_cqr,0.825,1.0,14.13,132.11,0.9221,0.8019,0.1,1.0,61.93
asp,15,A,cqr,0.775,0.0,45.89,297.39,0.867,0.8024,0.1,1.0,28.23
asp,15,A_meancvar_lam0.25,cqr,0.775,0.25,45.89,297.39,0.867,0.8024,0.1,1.0,73.7
asp,15,A_meancvar_lam0.5,cqr,0.8,0.5,47.95,291.53,0.8611,0.8063,0.1,1.0,119.03
asp,15,A_meancvar_lam0.75,cqr,0.8,0.75,47.95,291.53,0.8611,0.8063,0.1,1.0,164.18
asp,15,A_meancvar_lam1.0,cqr,0.8,1.0,47.95,291.53,0.8611,0.8063,0.1,1.0,209.33
asp,15,A,icp,0.875,0.0,88.49,621.88,0.7436,0.5869,0.1,1.0,39.98
asp,15,A_meancvar_lam0.25,icp,0.9,0.25,50.34,407.12,0.8542,0.7295,0.1,1.0,82.41
asp,15,A_meancvar_lam0.5,icp,0.9,0.5,50.34,407.12,0.8542,0.7295,0.1,1.0,122.09
asp,15,A_meancvar_lam0.75,icp,0.9,0.75,50.34,407.12,0.8542,0.7295,0.1,1.0,161.76
asp,15,A_meancvar_lam1.0,icp,0.9,1.0,50.34,407.12,0.8542,0.7295,0.1,1.0,201.44
asp,15,A,mondrian,0.825,0.0,39.34,328.82,0.886,0.7816,0.1,1.0,26.06
asp,15,A_meancvar_lam0.25,mondrian,0.825,0.25,39.34,328.82,0.886,0.7816,0.1,1.0,72.52
asp,15,A_meancvar_lam0.5,mondrian,0.825,0.5,39.34,328.82,0.886,0.7816,0.1,1.0,118.98
asp,15,A_meancvar_lam0.75,mondrian,0.825,0.75,39.34,328.82,0.886,0.7816,0.1,1.0,165.43
asp,15,A_meancvar_lam1.0,mondrian,0.825,1.0,39.34,328.82,0.886,0.7816,0.1,1.0,211.89
asp,15,A,mondrian_cqr,0.775,0.0,45.98,297.16,0.8668,0.8026,0.1,1.0,28.65
asp,15,A_meancvar_lam0.25,mondrian_cqr,0.775,0.25,45.98,297.16,0.8668,0.8026,0.1,1.0,73.77
asp,15,A_meancvar_lam0.5,mondrian_cqr,0.775,0.5,45.98,297.16,0.8668,0.8026,0.1,1.0,118.88
asp,15,A_meancvar_lam0.75,mondrian_cqr,0.775,0.75,45.98,297.16,0.8668,0.8026,0.1,1.0,164.0
asp,15,A_meancvar_lam1.0,mondrian_cqr,0.775,1.0,45.98,297.16,0.8668,0.8026,0.1,1.0,209.12
asp,30,A,cqr,0.825,0.0,81.44,498.04,0.8206,0.7873,0.1,1.0,51.15
asp,30,A_meancvar_lam0.25,cqr,0.825,0.25,81.44,498.04,0.8206,0.7873,0.1,1.0,132.32
asp,30,A_meancvar_lam0.5,cqr,0.825,0.5,81.44,498.04,0.8206,0.7873,0.1,1.0,213.49
asp,30,A_meancvar_lam0.75,cqr,0.825,0.75,81.44,498.04,0.8206,0.7873,0.1,1.0,294.67
asp,30,A_meancvar_lam1.0,cqr,0.825,1.0,81.44,498.04,0.8206,0.7873,0.1,1.0,375.84
asp,30,A,icp,0.875,0.0,148.78,1168.49,0.6723,0.5009,0.1,1.0,82.78
asp,30,A_meancvar_lam0.25,icp,0.9,0.25,103.86,821.3,0.7712,0.6492,0.1,1.0,201.07
asp,30,A_meancvar_lam0.5,icp,0.925,0.5,115.28,488.97,0.7461,0.7912,0.1,1.0,259.5
asp,30,A_meancvar_lam0.75,icp,0.925,0.75,115.28,488.97,0.7461,0.7912,0.1,1.0,317.29
asp,30,A_meancvar_lam1.0,icp,0.925,1.0,115.28,488.97,0.7461,0.7912,0.1,1.0,375.08
asp,30,A,mondrian,0.85,0.0,80.89,621.03,0.8218,0.7348,0.1,1.0,54.45
asp,30,A_meancvar_lam0.25,mondrian,0.875,0.25,91.97,535.06,0.7974,0.7715,0.1,1.0,136.6
asp,30,A_meancvar_lam0.5,mondrian,0.875,0.5,91.97,535.06,0.7974,0.7715,0.1,1.0,211.74
asp,30,A_meancvar_lam0.75,mondrian,0.875,0.75,91.97,535.06,0.7974,0.7715,0.1,1.0,286.88
asp,30,A_meancvar_lam1.0,mondrian,0.875,1.0,91.97,535.06,0.7974,0.7715,0.1,1.0,362.02
asp,30,A,mondrian_cqr,0.825,0.0,80.99,498.39,0.8216,0.7871,0.1,1.0,51.47
asp,30,A_meancvar_lam0.25,mondrian_cqr,0.825,0.25,80.99,498.39,0.8216,0.7871,0.1,1.0,132.75
asp,30,A_meancvar_lam0.5,mondrian_cqr,0.825,0.5,80.99,498.39,0.8216,0.7871,0.1,1.0,214.02
asp,30,A_meancvar_lam0.75,mondrian_cqr,0.825,0.75,80.99,498.39,0.8216,0.7871,0.1,1.0,295.3
asp,30,A_meancvar_lam1.0,mondrian_cqr,0.825,1.0,80.99,498.39,0.8216,0.7871,0.1,1.0,376.58
asp,60,A,cqr,0.825,0.0,140.09,976.89,0.7513,0.7042,0.1,1.0,98.7
asp,60,A_meancvar_lam0.25,cqr,0.875,0.25,148.59,813.21,0.7362,0.7537,0.1,1.0,250.11
asp,60,A_meancvar_lam0.5,cqr,0.875,0.5,148.59,813.21,0.7362,0.7537,0.1,1.0,396.86
asp,60,A_meancvar_lam0.75,cqr,0.9,0.75,162.15,781.88,0.7121,0.7632,0.1,1.0,540.72
asp,60,A_meancvar_lam1.0,cqr,0.9,1.0,162.15,781.88,0.7121,0.7632,0.1,1.0,682.42
asp,60,A,icp,0.875,0.0,247.5,1986.46,0.5606,0.3984,0.1,1.0,161.69
asp,60,A_meancvar_lam0.25,icp,0.925,0.25,196.97,1114.07,0.6503,0.6626,0.1,1.0,360.63
asp,60,A_meancvar_lam0.5,icp,0.95,0.5,267.98,778.62,0.5243,0.7642,0.1,1.0,455.74
asp,60,A_meancvar_lam0.75,icp,0.95,0.75,267.98,778.62,0.5243,0.7642,0.1,1.0,545.05
asp,60,A_meancvar_lam1.0,icp,0.95,1.0,267.98,778.62,0.5243,0.7642,0.1,1.0,634.36
asp,60,A,mondrian,0.875,0.0,146.9,1112.51,0.7392,0.6631,0.1,1.0,109.44
asp,60,A_meancvar_lam0.25,mondrian,0.925,0.25,176.87,827.15,0.686,0.7495,0.1,1.0,236.37
asp,60,A_meancvar_lam0.5,mondrian,0.925,0.5,176.87,827.15,0.686,0.7495,0.1,1.0,352.43
asp,60,A_meancvar_lam0.75,mondrian,0.925,0.75,176.87,827.15,0.686,0.7495,0.1,1.0,468.49
asp,60,A_meancvar_lam1.0,mondrian,0.925,1.0,176.87,827.15,0.686,0.7495,0.1,1.0,584.55
asp,60,A,mondrian_cqr,0.825,0.0,140.15,975.36,0.7512,0.7046,0.1,1.0,98.88
asp,60,A_meancvar_lam0.25,mondrian_cqr,0.875,0.25,148.32,812.7,0.7367,0.7539,0.1,1.0,250.4
asp,60,A_meancvar_lam0.5,mondrian_cqr,0.875,0.5,148.32,812.7,0.7367,0.7539,0.1,1.0,397.03
asp,60,A_meancvar_lam0.75,mondrian_cqr,0.875,0.75,148.32,812.7,0.7367,0.7539,0.1,1.0,543.67
asp,60,A_meancvar_lam1.0,mondrian_cqr,0.9,1.0,162.5,782.39,0.7115,0.7631,0.1,1.0,687.69
yulara,5,A,cqr,0.8,0.0,7.0,68.78,0.9591,0.9043,0.1,1.0,3.9
yulara,5,A_meancvar_lam0.25,cqr,0.8,0.25,7.0,68.78,0.9591,0.9043,0.1,1.0,13.88
yulara,5,A_meancvar_lam0.5,cqr,0.8,0.5,7.0,68.78,0.9591,0.9043,0.1,1.0,23.86
yulara,5,A_meancvar_lam0.75,cqr,0.8,0.75,7.0,68.78,0.9591,0.9043,0.1,1.0,33.84
yulara,5,A_meancvar_lam1.0,cqr,0.8,1.0,7.0,68.78,0.9591,0.9043,0.1,1.0,43.81
yulara,5,A,icp,0.9,0.0,12.76,170.27,0.9255,0.7632,0.1,1.0,2.48
yulara,5,A_meancvar_lam0.25,icp,0.9,0.25,12.76,170.27,0.9255,0.7632,0.1,1.0,11.44
yulara,5,A_meancvar_lam0.5,icp,0.9,0.5,12.76,170.27,0.9255,0.7632,0.1,1.0,20.4
yulara,5,A_meancvar_lam0.75,icp,0.9,0.75,12.76,170.27,0.9255,0.7632,0.1,1.0,29.36
yulara,5,A_meancvar_lam1.0,icp,0.9,1.0,12.76,170.27,0.9255,0.7632,0.1,1.0,38.32
yulara,5,A,mondrian,0.825,0.0,8.04,103.34,0.9531,0.8563,0.1,1.0,4.56
yulara,5,A_meancvar_lam0.25,mondrian,0.825,0.25,8.04,103.34,0.9531,0.8563,0.1,1.0,16.55
yulara,5,A_meancvar_lam0.5,mondrian,0.825,0.5,8.04,103.34,0.9531,0.8563,0.1,1.0,28.55
yulara,5,A_meancvar_lam0.75,mondrian,0.825,0.75,8.04,103.34,0.9531,0.8563,0.1,1.0,40.54
yulara,5,A_meancvar_lam1.0,mondrian,0.825,1.0,8.04,103.34,0.9531,0.8563,0.1,1.0,52.54
yulara,5,A,mondrian_cqr,0.8,0.0,6.92,68.93,0.9596,0.9041,0.1,1.0,3.69
yulara,5,A_meancvar_lam0.25,mondrian_cqr,0.8,0.25,6.92,68.93,0.9596,0.9041,0.1,1.0,13.75
yulara,5,A_meancvar_lam0.5,mondrian_cqr,0.8,0.5,6.92,68.93,0.9596,0.9041,0.1,1.0,23.82
yulara,5,A_meancvar_lam0.75,mondrian_cqr,0.8,0.75,6.92,68.93,0.9596,0.9041,0.1,1.0,33.89
yulara,5,A_meancvar_lam1.0,mondrian_cqr,0.8,1.0,6.92,68.93,0.9596,0.9041,0.1,1.0,43.96
yulara,15,A,cqr,0.8,0.0,31.73,228.37,0.9071,0.8617,0.1,1.0,19.5
yulara,15,A_meancvar_lam0.25,cqr,0.8,0.25,31.73,228.37,0.9071,0.8617,0.1,1.0,56.04
yulara,15,A_meancvar_lam0.5,cqr,0.8,0.5,31.73,228.37,0.9071,0.8617,0.1,1.0,92.59
yulara,15,A_meancvar_lam0.75,cqr,0.8,0.75,31.73,228.37,0.9071,0.8617,0.1,1.0,129.13
yulara,15,A_meancvar_lam1.0,cqr,0.8,1.0,31.73,228.37,0.9071,0.8617,0.1,1.0,165.67
yulara,15,A,icp,0.875,0.0,99.9,794.99,0.7076,0.5184,0.1,1.0,36.89
yulara,15,A_meancvar_lam0.25,icp,0.9,0.25,44.46,440.03,0.8699,0.7335,0.1,1.0,77.55
yulara,15,A_meancvar_lam0.5,icp,0.9,0.5,44.46,440.03,0.8699,0.7335,0.1,1.0,116.85
yulara,15,A_meancvar_lam0.75,icp,0.9,0.75,44.46,440.03,0.8699,0.7335,0.1,1.0,156.16
yulara,15,A_meancvar_lam1.0,icp,0.9,1.0,44.46,440.03,0.8699,0.7335,0.1,1.0,195.47
yulara,15,A,mondrian,0.8,0.0,36.28,382.27,0.8938,0.7684,0.1,1.0,18.97
yulara,15,A_meancvar_lam0.25,mondrian,0.825,0.25,27.91,272.29,0.9183,0.8351,0.1,1.0,60.72
yulara,15,A_meancvar_lam0.5,mondrian,0.825,0.5,27.91,272.29,0.9183,0.8351,0.1,1.0,99.6
yulara,15,A_meancvar_lam0.75,mondrian,0.825,0.75,27.91,272.29,0.9183,0.8351,0.1,1.0,138.48
yulara,15,A_meancvar_lam1.0,mondrian,0.825,1.0,27.91,272.29,0.9183,0.8351,0.1,1.0,177.36
yulara,15,A,mondrian_cqr,0.8,0.0,31.96,227.97,0.9064,0.8619,0.1,1.0,19.58
yulara,15,A_meancvar_lam0.25,mondrian_cqr,0.8,0.25,31.96,227.97,0.9064,0.8619,0.1,1.0,55.99
yulara,15,A_meancvar_lam0.5,mondrian_cqr,0.8,0.5,31.96,227.97,0.9064,0.8619,0.1,1.0,92.4
yulara,15,A_meancvar_lam0.75,mondrian_cqr,0.8,0.75,31.96,227.97,0.9064,0.8619,0.1,1.0,128.81
yulara,15,A_meancvar_lam1.0,mondrian_cqr,0.8,1.0,31.96,227.97,0.9064,0.8619,0.1,1.0,165.22
yulara,30,A,cqr,0.825,0.0,62.99,397.62,0.864,0.8462,0.1,1.0,46.75
yulara,30,A_meancvar_lam0.25,cqr,0.85,0.25,72.81,386.98,0.8428,0.8503,0.1,1.0,119.27
yulara,30,A_meancvar_lam0.5,cqr,0.85,0.5,72.81,386.98,0.8428,0.8503,0.1,1.0,191.06
yulara,30,A_meancvar_lam0.75,cqr,0.85,0.75,72.81,386.98,0.8428,0.8503,0.1,1.0,262.86
yulara,30,A_meancvar_lam1.0,cqr,0.85,1.0,72.81,386.98,0.8428,0.8503,0.1,1.0,334.66
yulara,30,A,icp,0.875,0.0,166.85,1370.76,0.6397,0.4697,0.1,1.0,86.63
yulara,30,A_meancvar_lam0.25,icp,0.925,0.25,98.82,463.27,0.7866,0.8208,0.1,1.0,181.27
yulara,30,A_meancvar_lam0.5,icp,0.925,0.5,98.82,463.27,0.7866,0.8208,0.1,1.0,231.2
yulara,30,A_meancvar_lam0.75,icp,0.925,0.75,98.82,463.27,0.7866,0.8208,0.1,1.0,281.13
yulara,30,A_meancvar_lam1.0,icp,0.925,1.0,98.82,463.27,0.7866,0.8208,0.1,1.0,331.06
yulara,30,A,mondrian,0.85,0.0,61.42,434.83,0.8674,0.8318,0.1,1.0,50.05
yulara,30,A_meancvar_lam0.25,mondrian,0.85,0.25,61.42,434.83,0.8674,0.8318,0.1,1.0,128.96
yulara,30,A_meancvar_lam0.5,mondrian,0.85,0.5,61.42,434.83,0.8674,0.8318,0.1,1.0,207.87
yulara,30,A_meancvar_lam0.75,mondrian,0.875,0.75,72.32,403.57,0.8438,0.8439,0.1,1.0,284.68
yulara,30,A_meancvar_lam1.0,mondrian,0.875,1.0,72.32,403.57,0.8438,0.8439,0.1,1.0,360.22
yulara,30,A,mondrian_cqr,0.825,0.0,64.09,396.28,0.8616,0.8467,0.1,1.0,46.3
yulara,30,A_meancvar_lam0.25,mondrian_cqr,0.85,0.25,75.2,390.57,0.8376,0.8489,0.1,1.0,121.33
yulara,30,A_meancvar_lam0.5,mondrian_cqr,0.85,0.5,75.2,390.57,0.8376,0.8489,0.1,1.0,193.97
yulara,30,A_meancvar_lam0.75,mondrian_cqr,0.85,0.75,75.2,390.57,0.8376,0.8489,0.1,1.0,266.61
yulara,30,A_meancvar_lam1.0,mondrian_cqr,0.85,1.0,75.2,390.57,0.8376,0.8489,0.1,1.0,339.26
yulara,60,A,cqr,0.875,0.0,113.0,623.46,0.8098,0.8384,0.1,1.0,90.22
yulara,60,A_meancvar_lam0.25,cqr,0.9,0.25,130.04,595.65,0.7811,0.8456,0.1,1.0,232.1
yulara,60,A_meancvar_lam0.5,cqr,0.9,0.5,130.04,595.65,0.7811,0.8456,0.1,1.0,365.79
yulara,60,A_meancvar_lam0.75,cqr,0.9,0.75,130.04,595.65,0.7811,0.8456,0.1,1.0,499.48
yulara,60,A_meancvar_lam1.0,cqr,0.925,1.0,159.22,613.86,0.732,0.8409,0.1,1.0,626.31
yulara,60,A,icp,0.9,0.0,192.95,1732.94,0.6752,0.5508,0.1,1.0,168.37
yulara,60,A_meancvar_lam0.25,icp,0.95,0.25,250.36,591.24,0.5786,0.8467,0.1,1.0,364.59
yulara,60,A_meancvar_lam0.5,icp,0.95,0.5,250.36,591.24,0.5786,0.8467,0.1,1.0,430.46
yulara,60,A_meancvar_lam0.75,icp,0.95,0.75,250.36,591.24,0.5786,0.8467,0.1,1.0,496.33
yulara,60,A_meancvar_lam1.0,icp,0.95,1.0,250.36,591.24,0.5786,0.8467,0.1,1.0,562.19
yulara,60,A,mondrian,0.875,0.0,123.86,896.67,0.7915,0.7676,0.1,1.0,117.59
yulara,60,A_meancvar_lam0.25,mondrian,0.925,0.25,162.32,650.27,0.7268,0.8314,0.1,1.0,258.55
yulara,60,A_meancvar_lam0.5,mondrian,0.925,0.5,162.32,650.27,0.7268,0.8314,0.1,1.0,377.0
yulara,60,A_meancvar_lam0.75,mondrian,0.925,0.75,162.32,650.27,0.7268,0.8314,0.1,1.0,495.44
yulara,60,A_meancvar_lam1.0,mondrian,0.925,1.0,162.32,650.27,0.7268,0.8314,0.1,1.0,613.89
yulara,60,A,mondrian_cqr,0.875,0.0,116.07,610.23,0.8046,0.8418,0.1,1.0,90.13
yulara,60,A_meancvar_lam0.25,mondrian_cqr,0.9,0.25,135.1,593.7,0.7726,0.8461,0.1,1.0,232.25
yulara,60,A_meancvar_lam0.5,mondrian_cqr,0.9,0.5,135.1,593.7,0.7726,0.8461,0.1,1.0,363.44
yulara,60,A_meancvar_lam0.75,mondrian_cqr,0.9,0.75,135.1,593.7,0.7726,0.8461,0.1,1.0,494.64
yulara,60,A_meancvar_lam1.0,mondrian_cqr,0.9,1.0,135.1,593.7,0.7726,0.8461,0.1,1.0,625.83
