site,method,horizon_min,nominal,n,n_capped,frac_capped,PICP,PICP_capped,PINAW,PINAW_capped,Winkler,Winkler_capped
asp,icp,5,0.8,44221,731,0.016531,0.7553,0.7543,0.0475,0.0473,302.11,301.92
asp,icp_norm,5,0.8,44221,54,0.001221,0.7582,0.7581,0.0595,0.0595,288.75,288.76
asp,mondrian,5,0.8,44221,2387,0.053979,0.7916,0.7905,0.0702,0.068,237.46,234.34
asp,cqr,5,0.8,44221,119,0.002691,0.8062,0.8062,0.0749,0.0749,180.0,180.0
asp,mondrian_cqr,5,0.8,44221,134,0.00303,0.8067,0.8065,0.0754,0.0754,179.95,179.96
asp,icp,5,0.9,44221,2811,0.063567,0.8766,0.8755,0.1197,0.1181,447.44,445.22
asp,icp_norm,5,0.9,44221,100,0.002261,0.8799,0.8794,0.1325,0.1325,409.89,409.96
asp,mondrian,5,0.9,44221,4090,0.09249,0.8912,0.8898,0.1131,0.1071,330.53,321.97
asp,cqr,5,0.9,44221,122,0.002759,0.903,0.9029,0.1058,0.1058,231.79,231.81
asp,mondrian_cqr,5,0.9,44221,158,0.003573,0.9034,0.9031,0.1069,0.1069,231.64,231.7
asp,icp,5,0.95,44221,6261,0.141584,0.9402,0.9389,0.2125,0.2059,599.1,589.87
asp,icp_norm,5,0.95,44221,235,0.005314,0.9391,0.9383,0.2152,0.2152,529.65,529.83
asp,mondrian,5,0.95,44221,5692,0.128717,0.9423,0.941,0.1653,0.1531,439.83,422.15
asp,cqr,5,0.95,44221,138,0.003121,0.9457,0.9456,0.1345,0.1345,287.16,287.2
asp,mondrian_cqr,5,0.95,44221,263,0.005947,0.9468,0.9461,0.1369,0.1369,286.49,286.67
asp,icp,60,0.8,40239,2938,0.073014,0.7515,0.7504,0.1324,0.1302,536.26,533.06
asp,icp_norm,60,0.8,40239,80,0.001988,0.7609,0.7607,0.168,0.168,498.21,498.22
asp,mondrian,60,0.8,40239,2555,0.063496,0.7876,0.7865,0.1416,0.1376,427.05,421.16
asp,cqr,60,0.8,40239,148,0.003678,0.8007,0.8005,0.1466,0.1466,340.55,340.56
asp,mondrian_cqr,60,0.8,40239,174,0.004324,0.8018,0.8016,0.1471,0.1471,340.43,340.43
asp,icp,60,0.9,40239,5526,0.137329,0.8716,0.8704,0.2478,0.2391,715.07,702.23
asp,icp_norm,60,0.9,40239,236,0.005865,0.8713,0.8707,0.2689,0.2689,639.62,639.64
asp,mondrian,60,0.9,40239,4564,0.113422,0.8865,0.8853,0.2037,0.1952,574.06,561.5
asp,cqr,60,0.9,40239,300,0.007455,0.895,0.8946,0.1958,0.1957,428.67,428.71
asp,mondrian_cqr,60,0.9,40239,343,0.008524,0.8955,0.895,0.1964,0.1964,428.4,428.44
asp,icp,60,0.95,40239,9523,0.236661,0.9383,0.937,0.3678,0.3473,879.3,848.92
asp,icp_norm,60,0.95,40239,1011,0.025125,0.9347,0.9341,0.3667,0.3665,764.64,764.59
asp,mondrian,60,0.95,40239,7478,0.18584,0.9399,0.9386,0.2801,0.2639,747.36,723.55
asp,cqr,60,0.95,40239,663,0.016477,0.9463,0.9456,0.2508,0.2508,521.2,521.31
asp,mondrian_cqr,60,0.95,40239,685,0.017023,0.9466,0.9458,0.2511,0.2511,521.01,521.12
asp,icp,15,0.8,43497,1822,0.041888,0.7442,0.7431,0.0864,0.0857,423.38,422.31
asp,icp_norm,15,0.8,43497,71,0.001632,0.7561,0.7559,0.1107,0.1107,397.66,397.67
asp,mondrian,15,0.8,43497,2788,0.064096,0.783,0.7818,0.1041,0.1003,330.11,324.45
asp,cqr,15,0.8,43497,102,0.002345,0.8063,0.8061,0.1115,0.1115,254.14,254.14
asp,mondrian_cqr,15,0.8,43497,102,0.002345,0.8067,0.8065,0.1116,0.1116,254.13,254.13
asp,icp,15,0.9,43497,4765,0.109548,0.8737,0.8725,0.1845,0.18,585.01,578.32
asp,icp_norm,15,0.9,43497,138,0.003173,0.8733,0.8727,0.2051,0.2051,530.77,530.82
asp,mondrian,15,0.9,43497,4712,0.108329,0.8839,0.8826,0.1574,0.1488,446.75,434.01
asp,cqr,15,0.9,43497,176,0.004046,0.9014,0.9012,0.1478,0.1478,314.16,314.19
asp,mondrian_cqr,15,0.9,43497,225,0.005173,0.902,0.9018,0.1485,0.1485,313.99,314.03
asp,icp,15,0.95,43497,8536,0.196243,0.9363,0.9351,0.2897,0.2767,741.12,722.12
asp,icp_norm,15,0.95,43497,627,0.014415,0.935,0.9343,0.2966,0.2965,653.14,653.23
asp,mondrian,15,0.95,43497,6778,0.155827,0.9367,0.9354,0.2218,0.2058,578.81,555.36
asp,cqr,15,0.95,43497,305,0.007012,0.9472,0.9468,0.1852,0.1852,382.49,382.57
asp,mondrian_cqr,15,0.95,43497,725,0.016668,0.9486,0.948,0.1875,0.1875,382.07,382.18
asp,icp,30,0.8,42411,2259,0.053264,0.7484,0.7473,0.1053,0.104,479.46,477.63
asp,icp_norm,30,0.8,42411,87,0.002051,0.7556,0.7554,0.1364,0.1364,448.18,448.19
asp,mondrian,30,0.8,42411,2608,0.061493,0.7742,0.7731,0.1212,0.1175,375.21,369.65
asp,cqr,30,0.8,42411,160,0.003773,0.8049,0.8047,0.1305,0.1305,297.82,297.83
asp,mondrian_cqr,30,0.8,42411,166,0.003914,0.8055,0.8054,0.1306,0.1306,297.81,297.82
asp,icp,30,0.9,42411,5211,0.122869,0.8723,0.8711,0.2162,0.2098,649.9,640.45
asp,icp_norm,30,0.9,42411,213,0.005022,0.8722,0.8717,0.2372,0.2371,585.64,585.68
asp,mondrian,30,0.9,42411,4642,0.109453,0.8832,0.882,0.1799,0.1715,503.06,490.56
asp,cqr,30,0.9,42411,289,0.006814,0.8982,0.898,0.1718,0.1718,371.67,371.7
asp,mondrian_cqr,30,0.9,42411,372,0.008771,0.8991,0.8986,0.1727,0.1727,371.55,371.58
asp,icp,30,0.95,42411,9194,0.216783,0.9374,0.9362,0.3273,0.311,812.13,788.01
asp,icp_norm,30,0.95,42411,867,0.020443,0.9335,0.9328,0.3323,0.3322,708.74,708.76
asp,mondrian,30,0.95,42411,7042,0.166042,0.9397,0.9385,0.2464,0.2305,652.88,629.47
asp,cqr,30,0.95,42411,644,0.015185,0.9442,0.9437,0.2121,0.2121,450.82,450.92
asp,mondrian_cqr,30,0.95,42411,681,0.016057,0.9447,0.9441,0.2131,0.2131,450.6,450.7
yulara,icp,5,0.8,40905,3852,0.094169,0.7643,0.7407,0.0699,0.0675,317.92,331.94
yulara,icp_norm,5,0.8,40905,2697,0.065933,0.7766,0.7683,0.0942,0.0937,319.27,323.54
yulara,mondrian,5,0.8,40905,3937,0.096247,0.7984,0.7828,0.0809,0.0778,263.76,269.33
yulara,cqr,5,0.8,40905,2458,0.06009,0.8021,0.8016,0.1005,0.1005,228.58,228.93
yulara,mondrian_cqr,5,0.8,40905,2537,0.062022,0.803,0.8022,0.1013,0.1013,228.39,228.84
yulara,icp,5,0.9,40905,5841,0.142794,0.8763,0.827,0.14,0.1334,462.43,504.25
yulara,icp_norm,5,0.9,40905,4680,0.114411,0.8909,0.8718,0.2113,0.2091,463.25,481.52
yulara,mondrian,5,0.9,40905,5502,0.134507,0.8878,0.8624,0.1355,0.1285,366.02,390.02
yulara,cqr,5,0.9,40905,3098,0.075736,0.8988,0.895,0.1446,0.1443,308.15,313.24
yulara,mondrian_cqr,5,0.9,40905,3201,0.078254,0.9004,0.895,0.146,0.1457,307.26,312.07
yulara,icp,5,0.95,40905,9245,0.226011,0.9347,0.8814,0.2297,0.2145,618.41,702.75
yulara,icp_norm,5,0.95,40905,12919,0.315829,0.9475,0.919,0.3598,0.3473,627.72,673.09
yulara,mondrian,5,0.95,40905,8067,0.197213,0.9441,0.9036,0.207,0.1924,469.56,547.37
yulara,cqr,5,0.95,40905,4727,0.11556,0.9495,0.9304,0.2222,0.2199,401.44,453.06
yulara,mondrian_cqr,5,0.95,40905,4806,0.117492,0.9497,0.9272,0.2235,0.2209,396.92,457.43
yulara,icp,60,0.8,36794,5295,0.143909,0.7525,0.6997,0.1613,0.1537,537.35,553.91
yulara,icp_norm,60,0.8,36794,3939,0.107055,0.7749,0.7597,0.2368,0.235,527.16,534.02
yulara,mondrian,60,0.8,36794,5212,0.141654,0.7968,0.7645,0.1759,0.1683,446.4,458.78
yulara,cqr,60,0.8,36794,3518,0.095613,0.8234,0.8145,0.1857,0.1849,373.97,379.04
yulara,mondrian_cqr,60,0.8,36794,3513,0.095478,0.8228,0.8139,0.1856,0.1849,373.59,378.86
yulara,icp,60,0.9,36794,9514,0.258575,0.8702,0.8126,0.2805,0.261,700.68,730.95
yulara,icp_norm,60,0.9,36794,11034,0.299886,0.8923,0.8665,0.3909,0.3796,686.22,699.98
yulara,mondrian,60,0.9,36794,7253,0.197125,0.8981,0.8458,0.2548,0.2396,576.63,613.32
yulara,cqr,60,0.9,36794,4780,0.129912,0.9094,0.8915,0.2686,0.2665,480.82,503.43
yulara,mondrian_cqr,60,0.9,36794,4737,0.128744,0.9078,0.8888,0.2681,0.2658,479.42,503.52
yulara,icp,60,0.95,36794,14439,0.392428,0.94,0.8808,0.407,0.365,844.82,904.31
yulara,icp_norm,60,0.95,36794,19336,0.52552,0.9508,0.917,0.5509,0.5124,857.28,878.91
yulara,mondrian,60,0.95,36794,9567,0.260015,0.9461,0.8864,0.3293,0.3043,734.63,818.22
yulara,cqr,60,0.95,36794,7461,0.202778,0.9522,0.921,0.3608,0.3543,591.76,668.71
yulara,mondrian_cqr,60,0.95,36794,7518,0.204327,0.9525,0.9181,0.3592,0.3527,588.2,669.91
yulara,icp,15,0.8,40094,4731,0.117998,0.7601,0.7237,0.1133,0.1088,429.24,446.16
yulara,icp_norm,15,0.8,40094,3285,0.081932,0.7767,0.7651,0.1616,0.1606,428.29,433.92
yulara,mondrian,15,0.8,40094,4539,0.113209,0.7919,0.7757,0.122,0.1171,348.6,353.39
yulara,cqr,15,0.8,40094,2754,0.068689,0.8087,0.8066,0.1351,0.1349,291.74,293.04
yulara,mondrian_cqr,15,0.8,40094,2875,0.071706,0.8114,0.8088,0.1369,0.1367,291.28,292.69
yulara,icp,15,0.9,40094,7872,0.196339,0.8755,0.8233,0.2127,0.2003,593.02,627.96
yulara,icp_norm,15,0.9,40094,8495,0.211877,0.8886,0.8663,0.3001,0.2947,584.23,601.61
yulara,mondrian,15,0.9,40094,6767,0.168778,0.8916,0.8583,0.1921,0.1814,466.24,495.34
yulara,cqr,15,0.9,40094,3870,0.096523,0.8998,0.8912,0.1973,0.1966,382.71,393.12
yulara,mondrian_cqr,15,0.9,40094,3860,0.096274,0.8995,0.8905,0.1981,0.1973,381.62,392.41
yulara,icp,15,0.95,40094,13078,0.326183,0.9363,0.8822,0.3189,0.2919,753.48,822.97
yulara,icp_norm,15,0.95,40094,16575,0.413404,0.9455,0.9158,0.4493,0.4256,745.65,778.72
yulara,mondrian,15,0.95,40094,9141,0.227989,0.9414,0.8929,0.2557,0.2371,594.13,674.84
yulara,cqr,15,0.95,40094,5989,0.149374,0.9512,0.9294,0.2842,0.2808,485.15,542.48
yulara,mondrian_cqr,15,0.95,40094,5766,0.143812,0.9509,0.9263,0.2838,0.2802,480.21,544.45
yulara,icp,30,0.8,38960,5063,0.129954,0.7527,0.7071,0.1347,0.1291,483.92,501.07
yulara,icp_norm,30,0.8,38960,3648,0.093634,0.7732,0.7599,0.1971,0.1957,477.89,484.07
yulara,mondrian,30,0.8,38960,4680,0.120123,0.7884,0.7694,0.1417,0.1361,394.13,401.0
yulara,cqr,30,0.8,38960,2937,0.075385,0.8152,0.8117,0.1559,0.1556,326.44,328.76
yulara,mondrian_cqr,30,0.8,38960,3052,0.078337,0.8157,0.8115,0.1571,0.1568,325.99,328.36
yulara,icp,30,0.9,38960,8894,0.228285,0.8721,0.8182,0.2451,0.2294,648.63,680.66
yulara,icp_norm,30,0.9,38960,10267,0.263527,0.8891,0.866,0.3426,0.3343,633.69,648.56
yulara,mondrian,30,0.9,38960,7067,0.181391,0.8914,0.8513,0.2193,0.2069,517.99,550.71
yulara,cqr,30,0.9,38960,4172,0.107084,0.9054,0.8931,0.2303,0.229,427.1,442.75
yulara,mondrian_cqr,30,0.9,38960,4154,0.106622,0.9046,0.8919,0.2305,0.2292,426.06,442.45
yulara,icp,30,0.95,38960,13946,0.357957,0.9356,0.88,0.3578,0.3243,804.04,868.14
yulara,icp_norm,30,0.95,38960,18091,0.464348,0.9475,0.9168,0.495,0.4644,796.44,822.66
yulara,mondrian,30,0.95,38960,9451,0.242582,0.9424,0.8879,0.2839,0.2631,657.29,739.03
yulara,cqr,30,0.95,38960,5811,0.149153,0.9514,0.9256,0.3124,0.3085,526.23,593.59
yulara,mondrian_cqr,30,0.95,38960,5754,0.14769,0.9513,0.9226,0.3116,0.3075,521.65,595.24
