site,horizon_min,method,variant,nominal,scope,n,PICP,PICP_ci_lo,PICP_ci_hi,ACE,ACE_ci_lo,ACE_ci_hi,covers_nominal
asp,60,icp,static,0.8,all,40239,0.7515,0.726,0.7775,-0.0485,-0.074,-0.0225,no
asp,60,icp,static,0.8,clear,22594,0.9355,0.9238,0.9463,0.1355,0.1238,0.1463,no
asp,60,icp,static,0.8,cloudy,3647,0.6246,0.5703,0.6766,-0.1754,-0.2297,-0.1234,no
asp,60,icp,static,0.8,transitional,13998,0.4876,0.4654,0.5112,-0.3124,-0.3346,-0.2888,no
asp,60,icp_norm,static,0.8,all,40239,0.7609,0.7388,0.7829,-0.0391,-0.0612,-0.0171,no
asp,60,icp_norm,static,0.8,clear,22594,0.9274,0.9197,0.9345,0.1274,0.1197,0.1345,no
asp,60,icp_norm,static,0.8,cloudy,3647,0.6781,0.6256,0.7258,-0.1219,-0.1744,-0.0742,no
asp,60,icp_norm,static,0.8,transitional,13998,0.5137,0.4922,0.5363,-0.2863,-0.3078,-0.2637,no
asp,60,mondrian,static,0.8,all,40239,0.7876,0.7721,0.8033,-0.0124,-0.0279,0.0033,yes
asp,60,mondrian,static,0.8,clear,22594,0.7953,0.7713,0.8184,-0.0047,-0.0287,0.0184,yes
asp,60,mondrian,static,0.8,cloudy,3647,0.7516,0.702,0.7968,-0.0484,-0.098,-0.0032,no
asp,60,mondrian,static,0.8,transitional,13998,0.7844,0.7641,0.8051,-0.0156,-0.0359,0.0051,yes
asp,60,cqr,static,0.8,all,40239,0.8007,0.7904,0.8109,0.0007,-0.0096,0.0109,yes
asp,60,cqr,static,0.8,clear,22594,0.8156,0.8024,0.8284,0.0156,0.0024,0.0284,no
asp,60,cqr,static,0.8,cloudy,3647,0.8094,0.7771,0.8417,0.0094,-0.0229,0.0417,yes
asp,60,cqr,static,0.8,transitional,13998,0.7743,0.7579,0.7905,-0.0257,-0.0421,-0.0095,no
asp,60,mondrian_cqr,static,0.8,all,40239,0.8018,0.7916,0.8119,0.0018,-0.0084,0.0119,yes
asp,60,mondrian_cqr,static,0.8,clear,22594,0.8127,0.7995,0.8255,0.0127,-0.0005,0.0255,yes
asp,60,mondrian_cqr,static,0.8,cloudy,3647,0.8067,0.774,0.839,0.0067,-0.026,0.039,yes
asp,60,mondrian_cqr,static,0.8,transitional,13998,0.783,0.7669,0.7991,-0.017,-0.0331,-0.0009,no
asp,60,aci,anticipative,0.8,all,40239,0.8392,0.8363,0.8423,0.0392,0.0363,0.0423,no
asp,60,aci,anticipative,0.8,clear,22594,0.8426,0.8366,0.8482,0.0426,0.0366,0.0482,no
asp,60,aci,anticipative,0.8,cloudy,3647,0.8289,0.8133,0.843,0.0289,0.0133,0.043,no
asp,60,aci,anticipative,0.8,transitional,13998,0.8365,0.8309,0.8424,0.0365,0.0309,0.0424,no
asp,60,aci_regime,anticipative,0.8,all,40239,0.8292,0.826,0.8326,0.0292,0.026,0.0326,no
asp,60,aci_regime,anticipative,0.8,clear,22594,0.8103,0.8045,0.8157,0.0103,0.0045,0.0157,no
asp,60,aci_regime,anticipative,0.8,cloudy,3647,0.8259,0.8059,0.8428,0.0259,0.0059,0.0428,no
asp,60,aci_regime,anticipative,0.8,transitional,13998,0.8606,0.855,0.8669,0.0606,0.055,0.0669,no
asp,60,aci,delayed,0.8,all,40239,0.8269,0.8228,0.831,0.0269,0.0228,0.031,no
asp,60,aci,delayed,0.8,clear,22594,0.8286,0.8191,0.8378,0.0286,0.0191,0.0378,no
asp,60,aci,delayed,0.8,cloudy,3647,0.83,0.8038,0.855,0.03,0.0038,0.055,no
asp,60,aci,delayed,0.8,transitional,13998,0.8233,0.8122,0.8347,0.0233,0.0122,0.0347,no
asp,60,aci_regime,delayed,0.8,all,40239,0.8048,0.7995,0.8101,0.0048,-0.0005,0.0101,yes
asp,60,aci_regime,delayed,0.8,clear,22594,0.7818,0.7727,0.7905,-0.0182,-0.0273,-0.0095,no
asp,60,aci_regime,delayed,0.8,cloudy,3647,0.7987,0.7733,0.8199,-0.0013,-0.0267,0.0199,yes
asp,60,aci_regime,delayed,0.8,transitional,13998,0.8433,0.8352,0.8517,0.0433,0.0352,0.0517,no
asp,60,icp,static,0.9,all,40239,0.8716,0.8552,0.8878,-0.0284,-0.0448,-0.0122,no
asp,60,icp,static,0.9,clear,22594,0.9697,0.9636,0.9754,0.0697,0.0636,0.0754,no
asp,60,icp,static,0.9,cloudy,3647,0.8336,0.7912,0.8705,-0.0664,-0.1088,-0.0295,no
asp,60,icp,static,0.9,transitional,13998,0.7232,0.7006,0.7464,-0.1768,-0.1994,-0.1536,no
asp,60,icp_norm,static,0.9,all,40239,0.8713,0.8576,0.8849,-0.0287,-0.0424,-0.0151,no
asp,60,icp_norm,static,0.9,clear,22594,0.9591,0.954,0.964,0.0591,0.054,0.064,no
asp,60,icp_norm,static,0.9,cloudy,3647,0.8569,0.8234,0.886,-0.0431,-0.0766,-0.014,no
asp,60,icp_norm,static,0.9,transitional,13998,0.7332,0.7141,0.7528,-0.1668,-0.1859,-0.1472,no
asp,60,mondrian,static,0.9,all,40239,0.8865,0.8754,0.8978,-0.0135,-0.0246,-0.0022,no
asp,60,mondrian,static,0.9,clear,22594,0.8827,0.8644,0.8999,-0.0173,-0.0356,-0.0001,no
asp,60,mondrian,static,0.9,cloudy,3647,0.8711,0.8332,0.9033,-0.0289,-0.0668,0.0033,yes
asp,60,mondrian,static,0.9,transitional,13998,0.8967,0.8826,0.9106,-0.0033,-0.0174,0.0106,yes
asp,60,cqr,static,0.9,all,40239,0.895,0.8871,0.9027,-0.005,-0.0129,0.0027,yes
asp,60,cqr,static,0.9,clear,22594,0.9051,0.8954,0.9142,0.0051,-0.0046,0.0142,yes
asp,60,cqr,static,0.9,cloudy,3647,0.8922,0.8667,0.917,-0.0078,-0.0333,0.017,yes
asp,60,cqr,static,0.9,transitional,13998,0.8794,0.8666,0.892,-0.0206,-0.0334,-0.008,no
asp,60,mondrian_cqr,static,0.9,all,40239,0.8955,0.8879,0.9031,-0.0045,-0.0121,0.0031,yes
asp,60,mondrian_cqr,static,0.9,clear,22594,0.9028,0.8931,0.912,0.0028,-0.0069,0.012,yes
asp,60,mondrian_cqr,static,0.9,cloudy,3647,0.8892,0.8633,0.9145,-0.0108,-0.0367,0.0145,yes
asp,60,mondrian_cqr,static,0.9,transitional,13998,0.8855,0.8731,0.8976,-0.0145,-0.0269,-0.0024,no
asp,60,aci,anticipative,0.9,all,40239,0.9377,0.935,0.9405,0.0377,0.035,0.0405,no
asp,60,aci,anticipative,0.9,clear,22594,0.9453,0.9408,0.9496,0.0453,0.0408,0.0496,no
asp,60,aci,anticipative,0.9,cloudy,3647,0.9254,0.9152,0.9346,0.0254,0.0152,0.0346,no
asp,60,aci,anticipative,0.9,transitional,13998,0.9285,0.9249,0.9323,0.0285,0.0249,0.0323,no
asp,60,aci_regime,anticipative,0.9,all,40239,0.926,0.9236,0.9284,0.026,0.0236,0.0284,no
asp,60,aci_regime,anticipative,0.9,clear,22594,0.9172,0.9132,0.921,0.0172,0.0132,0.021,no
asp,60,aci_regime,anticipative,0.9,cloudy,3647,0.9219,0.91,0.9321,0.0219,0.01,0.0321,no
asp,60,aci_regime,anticipative,0.9,transitional,13998,0.9411,0.9376,0.945,0.0411,0.0376,0.045,no
asp,60,aci,delayed,0.9,all,40239,0.9214,0.9172,0.9258,0.0214,0.0172,0.0258,no
asp,60,aci,delayed,0.9,clear,22594,0.9272,0.919,0.935,0.0272,0.019,0.035,no
asp,60,aci,delayed,0.9,cloudy,3647,0.9112,0.8924,0.9282,0.0112,-0.0076,0.0282,yes
asp,60,aci,delayed,0.9,transitional,13998,0.9148,0.9074,0.9222,0.0148,0.0074,0.0222,no
asp,60,aci_regime,delayed,0.9,all,40239,0.8922,0.8868,0.8976,-0.0078,-0.0132,-0.0024,no
asp,60,aci_regime,delayed,0.9,clear,22594,0.8763,0.8674,0.8845,-0.0237,-0.0326,-0.0155,no
asp,60,aci_regime,delayed,0.9,cloudy,3647,0.8903,0.8698,0.9085,-0.0097,-0.0302,0.0085,yes
asp,60,aci_regime,delayed,0.9,transitional,13998,0.9183,0.9114,0.9254,0.0183,0.0114,0.0254,no
asp,60,icp,static,0.95,all,40239,0.9383,0.9286,0.9476,-0.0117,-0.0214,-0.0024,no
asp,60,icp,static,0.95,clear,22594,0.9828,0.9788,0.9864,0.0328,0.0288,0.0364,no
asp,60,icp,static,0.95,cloudy,3647,0.9339,0.911,0.9529,-0.0161,-0.039,0.0029,yes
asp,60,icp,static,0.95,transitional,13998,0.8677,0.851,0.8843,-0.0823,-0.099,-0.0657,no
asp,60,icp_norm,static,0.95,all,40239,0.9347,0.927,0.9426,-0.0153,-0.023,-0.0074,no
asp,60,icp_norm,static,0.95,clear,22594,0.9765,0.9727,0.9801,0.0265,0.0227,0.0301,no
asp,60,icp_norm,static,0.95,cloudy,3647,0.9276,0.9049,0.9462,-0.0224,-0.0451,-0.0038,no
asp,60,icp_norm,static,0.95,transitional,13998,0.8692,0.8564,0.8822,-0.0808,-0.0936,-0.0678,no
asp,60,mondrian,static,0.95,all,40239,0.9399,0.9327,0.9472,-0.0101,-0.0173,-0.0028,no
asp,60,mondrian,static,0.95,clear,22594,0.936,0.9242,0.9467,-0.014,-0.0258,-0.0033,no
asp,60,mondrian,static,0.95,cloudy,3647,0.938,0.9162,0.956,-0.012,-0.0338,0.006,yes
asp,60,mondrian,static,0.95,transitional,13998,0.9466,0.9375,0.9556,-0.0034,-0.0125,0.0056,yes
asp,60,cqr,static,0.95,all,40239,0.9463,0.9409,0.9516,-0.0037,-0.0091,0.0016,yes
asp,60,cqr,static,0.95,clear,22594,0.9515,0.9444,0.9582,0.0015,-0.0056,0.0082,yes
asp,60,cqr,static,0.95,cloudy,3647,0.955,0.943,0.966,0.005,-0.007,0.016,yes
asp,60,cqr,static,0.95,transitional,13998,0.9356,0.9265,0.9443,-0.0144,-0.0235,-0.0057,no
asp,60,mondrian_cqr,static,0.95,all,40239,0.9466,0.9412,0.9519,-0.0034,-0.0088,0.0019,yes
asp,60,mondrian_cqr,static,0.95,clear,22594,0.951,0.9439,0.9577,0.001,-0.0061,0.0077,yes
asp,60,mondrian_cqr,static,0.95,cloudy,3647,0.9553,0.9433,0.9662,0.0053,-0.0067,0.0162,yes
asp,60,mondrian_cqr,static,0.95,transitional,13998,0.9373,0.9283,0.9459,-0.0127,-0.0217,-0.0041,no
asp,60,aci,anticipative,0.95,all,40239,0.9755,0.9737,0.9773,0.0255,0.0237,0.0273,no
asp,60,aci,anticipative,0.95,clear,22594,0.9805,0.9777,0.9831,0.0305,0.0277,0.0331,no
asp,60,aci,anticipative,0.95,cloudy,3647,0.9682,0.9617,0.9741,0.0182,0.0117,0.0241,no
asp,60,aci,anticipative,0.95,transitional,13998,0.9693,0.967,0.9716,0.0193,0.017,0.0216,no
asp,60,aci_regime,anticipative,0.95,all,40239,0.9675,0.966,0.9692,0.0175,0.016,0.0192,no
asp,60,aci_regime,anticipative,0.95,clear,22594,0.9642,0.9616,0.9667,0.0142,0.0116,0.0167,no
asp,60,aci_regime,anticipative,0.95,cloudy,3647,0.9644,0.9572,0.9706,0.0144,0.0072,0.0206,no
asp,60,aci_regime,anticipative,0.95,transitional,13998,0.9738,0.9716,0.976,0.0238,0.0216,0.026,no
asp,60,aci,delayed,0.95,all,40239,0.9614,0.9577,0.9652,0.0114,0.0077,0.0152,no
asp,60,aci,delayed,0.95,clear,22594,0.9688,0.9629,0.9744,0.0188,0.0129,0.0244,no
asp,60,aci,delayed,0.95,cloudy,3647,0.9556,0.943,0.9669,0.0056,-0.007,0.0169,yes
asp,60,aci,delayed,0.95,transitional,13998,0.9509,0.9451,0.9567,0.0009,-0.0049,0.0067,yes
asp,60,aci_regime,delayed,0.95,all,40239,0.9364,0.9314,0.9414,-0.0136,-0.0186,-0.0086,no
asp,60,aci_regime,delayed,0.95,clear,22594,0.9271,0.9188,0.9349,-0.0229,-0.0312,-0.0151,no
asp,60,aci_regime,delayed,0.95,cloudy,3647,0.9353,0.9181,0.9494,-0.0147,-0.0319,-0.0006,no
asp,60,aci_regime,delayed,0.95,transitional,13998,0.9519,0.9458,0.9579,0.0019,-0.0042,0.0079,yes
asp,5,icp,static,0.8,all,44221,0.7553,0.7317,0.7786,-0.0447,-0.0683,-0.0214,no
asp,5,icp,static,0.8,clear,23683,0.9404,0.9299,0.9501,0.1404,0.1299,0.1501,no
asp,5,icp,static,0.8,cloudy,4020,0.8296,0.8004,0.8562,0.0296,0.0004,0.0562,no
asp,5,icp,static,0.8,transitional,16518,0.4718,0.4542,0.4916,-0.3282,-0.3458,-0.3084,no
asp,5,icp_norm,static,0.8,all,44221,0.7582,0.7368,0.7797,-0.0418,-0.0632,-0.0203,no
asp,5,icp_norm,static,0.8,clear,23683,0.9478,0.9405,0.9545,0.1478,0.1405,0.1545,no
asp,5,icp_norm,static,0.8,cloudy,4020,0.8736,0.8478,0.8956,0.0736,0.0478,0.0956,no
asp,5,icp_norm,static,0.8,transitional,16518,0.4583,0.4419,0.4756,-0.3417,-0.3581,-0.3244,no
asp,5,mondrian,static,0.8,all,44221,0.7916,0.7789,0.8042,-0.0084,-0.0211,0.0042,yes
asp,5,mondrian,static,0.8,clear,23683,0.7921,0.7713,0.8115,-0.0079,-0.0287,0.0115,yes
asp,5,mondrian,static,0.8,cloudy,4020,0.7883,0.7577,0.8165,-0.0117,-0.0423,0.0165,yes
asp,5,mondrian,static,0.8,transitional,16518,0.7918,0.7761,0.8077,-0.0082,-0.0239,0.0077,yes
asp,5,cqr,static,0.8,all,44221,0.8062,0.7996,0.8127,0.0062,-0.0004,0.0127,yes
asp,5,cqr,static,0.8,clear,23683,0.8156,0.8086,0.8223,0.0156,0.0086,0.0223,no
asp,5,cqr,static,0.8,cloudy,4020,0.8326,0.8071,0.8568,0.0326,0.0071,0.0568,no
asp,5,cqr,static,0.8,transitional,16518,0.7864,0.7763,0.7965,-0.0136,-0.0237,-0.0035,no
asp,5,mondrian_cqr,static,0.8,all,44221,0.8067,0.8003,0.813,0.0067,0.0003,0.013,no
asp,5,mondrian_cqr,static,0.8,clear,23683,0.8091,0.8021,0.8159,0.0091,0.0021,0.0159,no
asp,5,mondrian_cqr,static,0.8,cloudy,4020,0.8224,0.7962,0.8476,0.0224,-0.0038,0.0476,yes
asp,5,mondrian_cqr,static,0.8,transitional,16518,0.7993,0.7892,0.8094,-0.0007,-0.0108,0.0094,yes
asp,5,aci,anticipative,0.8,all,44221,0.8266,0.8243,0.8291,0.0266,0.0243,0.0291,no
asp,5,aci,anticipative,0.8,clear,23683,0.8398,0.8355,0.844,0.0398,0.0355,0.044,no
asp,5,aci,anticipative,0.8,cloudy,4020,0.8413,0.8292,0.8533,0.0413,0.0292,0.0533,no
asp,5,aci,anticipative,0.8,transitional,16518,0.8042,0.8,0.8082,0.0042,0.0,0.0082,yes
asp,5,aci_regime,anticipative,0.8,all,44221,0.8192,0.8165,0.8221,0.0192,0.0165,0.0221,no
asp,5,aci_regime,anticipative,0.8,clear,23683,0.7981,0.7933,0.8026,-0.0019,-0.0067,0.0026,yes
asp,5,aci_regime,anticipative,0.8,cloudy,4020,0.8132,0.7989,0.8256,0.0132,-0.0011,0.0256,yes
asp,5,aci_regime,anticipative,0.8,transitional,16518,0.8511,0.8465,0.8563,0.0511,0.0465,0.0563,no
asp,5,aci,delayed,0.8,all,44221,0.8266,0.8243,0.8291,0.0266,0.0243,0.0291,no
asp,5,aci,delayed,0.8,clear,23683,0.8398,0.8355,0.844,0.0398,0.0355,0.044,no
asp,5,aci,delayed,0.8,cloudy,4020,0.8413,0.8292,0.8533,0.0413,0.0292,0.0533,no
asp,5,aci,delayed,0.8,transitional,16518,0.8042,0.8,0.8082,0.0042,0.0,0.0082,yes
asp,5,aci_regime,delayed,0.8,all,44221,0.8192,0.8165,0.8221,0.0192,0.0165,0.0221,no
asp,5,aci_regime,delayed,0.8,clear,23683,0.7981,0.7933,0.8026,-0.0019,-0.0067,0.0026,yes
asp,5,aci_regime,delayed,0.8,cloudy,4020,0.8132,0.7989,0.8256,0.0132,-0.0011,0.0256,yes
asp,5,aci_regime,delayed,0.8,transitional,16518,0.8511,0.8465,0.8563,0.0511,0.0465,0.0563,no
asp,5,icp,static,0.9,all,44221,0.8766,0.862,0.891,-0.0234,-0.038,-0.009,no
asp,5,icp,static,0.9,clear,23683,0.978,0.9738,0.9818,0.078,0.0738,0.0818,no
asp,5,icp,static,0.9,cloudy,4020,0.9642,0.9527,0.9738,0.0642,0.0527,0.0738,no
asp,5,icp,static,0.9,transitional,16518,0.7098,0.6923,0.7278,-0.1902,-0.2077,-0.1722,no
asp,5,icp_norm,static,0.9,all,44221,0.8799,0.8677,0.8918,-0.0201,-0.0323,-0.0082,no
asp,5,icp_norm,static,0.9,clear,23683,0.9766,0.9737,0.9791,0.0766,0.0737,0.0791,no
asp,5,icp_norm,static,0.9,cloudy,4020,0.9754,0.9667,0.9822,0.0754,0.0667,0.0822,no
asp,5,icp_norm,static,0.9,transitional,16518,0.7181,0.7028,0.7333,-0.1819,-0.1972,-0.1667,no
asp,5,mondrian,static,0.9,all,44221,0.8912,0.8815,0.9006,-0.0088,-0.0185,0.0006,yes
asp,5,mondrian,static,0.9,clear,23683,0.8879,0.8714,0.903,-0.0121,-0.0286,0.003,yes
asp,5,mondrian,static,0.9,cloudy,4020,0.8846,0.8621,0.9047,-0.0154,-0.0379,0.0047,yes
asp,5,mondrian,static,0.9,transitional,16518,0.8974,0.8861,0.9088,-0.0026,-0.0139,0.0088,yes
asp,5,cqr,static,0.9,all,44221,0.903,0.8982,0.9077,0.003,-0.0018,0.0077,yes
asp,5,cqr,static,0.9,clear,23683,0.9105,0.9053,0.9156,0.0105,0.0053,0.0156,no
asp,5,cqr,static,0.9,cloudy,4020,0.9172,0.8994,0.9327,0.0172,-0.0006,0.0327,yes
asp,5,cqr,static,0.9,transitional,16518,0.8887,0.8812,0.896,-0.0113,-0.0188,-0.004,no
asp,5,mondrian_cqr,static,0.9,all,44221,0.9034,0.8988,0.908,0.0034,-0.0012,0.008,yes
asp,5,mondrian_cqr,static,0.9,clear,23683,0.9044,0.8989,0.9096,0.0044,-0.0011,0.0096,yes
asp,5,mondrian_cqr,static,0.9,cloudy,4020,0.9102,0.8915,0.9269,0.0102,-0.0085,0.0269,yes
asp,5,mondrian_cqr,static,0.9,transitional,16518,0.9004,0.8929,0.9076,0.0004,-0.0071,0.0076,yes
asp,5,aci,anticipative,0.9,all,44221,0.9253,0.9232,0.9275,0.0253,0.0232,0.0275,no
asp,5,aci,anticipative,0.9,clear,23683,0.9381,0.9349,0.941,0.0381,0.0349,0.041,no
asp,5,aci,anticipative,0.9,cloudy,4020,0.9361,0.9282,0.9435,0.0361,0.0282,0.0435,no
asp,5,aci,anticipative,0.9,transitional,16518,0.9043,0.9012,0.9073,0.0043,0.0012,0.0073,no
asp,5,aci_regime,anticipative,0.9,all,44221,0.9144,0.9125,0.9163,0.0144,0.0125,0.0163,no
asp,5,aci_regime,anticipative,0.9,clear,23683,0.9028,0.8994,0.9059,0.0028,-0.0006,0.0059,yes
asp,5,aci_regime,anticipative,0.9,cloudy,4020,0.9077,0.8985,0.9156,0.0077,-0.0015,0.0156,yes
asp,5,aci_regime,anticipative,0.9,transitional,16518,0.9327,0.9298,0.9359,0.0327,0.0298,0.0359,no
asp,5,aci,delayed,0.9,all,44221,0.9253,0.9232,0.9275,0.0253,0.0232,0.0275,no
asp,5,aci,delayed,0.9,clear,23683,0.9381,0.9349,0.941,0.0381,0.0349,0.041,no
asp,5,aci,delayed,0.9,cloudy,4020,0.9361,0.9282,0.9435,0.0361,0.0282,0.0435,no
asp,5,aci,delayed,0.9,transitional,16518,0.9043,0.9012,0.9073,0.0043,0.0012,0.0073,no
asp,5,aci_regime,delayed,0.9,all,44221,0.9144,0.9125,0.9163,0.0144,0.0125,0.0163,no
asp,5,aci_regime,delayed,0.9,clear,23683,0.9028,0.8994,0.9059,0.0028,-0.0006,0.0059,yes
asp,5,aci_regime,delayed,0.9,cloudy,4020,0.9077,0.8985,0.9156,0.0077,-0.0015,0.0156,yes
asp,5,aci_regime,delayed,0.9,transitional,16518,0.9327,0.9298,0.9359,0.0327,0.0298,0.0359,no
asp,5,icp,static,0.95,all,44221,0.9402,0.9318,0.9482,-0.0098,-0.0182,-0.0018,no
asp,5,icp,static,0.95,clear,23683,0.9908,0.989,0.9924,0.0408,0.039,0.0424,no
asp,5,icp,static,0.95,cloudy,4020,0.9888,0.9839,0.9927,0.0388,0.0339,0.0427,no
asp,5,icp,static,0.95,transitional,16518,0.856,0.8428,0.8694,-0.094,-0.1072,-0.0806,no
asp,5,icp_norm,static,0.95,all,44221,0.9391,0.9321,0.9458,-0.0109,-0.0179,-0.0042,no
asp,5,icp_norm,static,0.95,clear,23683,0.9878,0.9863,0.9891,0.0378,0.0363,0.0391,no
asp,5,icp_norm,static,0.95,cloudy,4020,0.9891,0.9844,0.9928,0.0391,0.0344,0.0428,no
asp,5,icp_norm,static,0.95,transitional,16518,0.8571,0.8458,0.8682,-0.0929,-0.1042,-0.0818,no
asp,5,mondrian,static,0.95,all,44221,0.9423,0.936,0.9485,-0.0077,-0.014,-0.0015,no
asp,5,mondrian,static,0.95,clear,23683,0.9375,0.9265,0.9475,-0.0125,-0.0235,-0.0025,no
asp,5,mondrian,static,0.95,cloudy,4020,0.9371,0.9214,0.9507,-0.0129,-0.0286,0.0007,yes
asp,5,mondrian,static,0.95,transitional,16518,0.9505,0.9436,0.9575,0.0005,-0.0064,0.0075,yes
asp,5,cqr,static,0.95,all,44221,0.9457,0.9424,0.949,-0.0043,-0.0076,-0.001,no
asp,5,cqr,static,0.95,clear,23683,0.9517,0.9479,0.9552,0.0017,-0.0021,0.0052,yes
asp,5,cqr,static,0.95,cloudy,4020,0.9547,0.9448,0.964,0.0047,-0.0052,0.014,yes
asp,5,cqr,static,0.95,transitional,16518,0.9351,0.9296,0.9406,-0.0149,-0.0204,-0.0094,no
asp,5,mondrian_cqr,static,0.95,all,44221,0.9468,0.9436,0.9498,-0.0032,-0.0064,-0.0002,no
asp,5,mondrian_cqr,static,0.95,clear,23683,0.945,0.941,0.9487,-0.005,-0.009,-0.0013,no
asp,5,mondrian_cqr,static,0.95,cloudy,4020,0.9515,0.9411,0.9613,0.0015,-0.0089,0.0113,yes
asp,5,mondrian_cqr,static,0.95,transitional,16518,0.9482,0.9428,0.9536,-0.0018,-0.0072,0.0036,yes
asp,5,aci,anticipative,0.95,all,44221,0.9687,0.9672,0.9703,0.0187,0.0172,0.0203,no
asp,5,aci,anticipative,0.95,clear,23683,0.9772,0.9751,0.9793,0.0272,0.0251,0.0293,no
asp,5,aci,anticipative,0.95,cloudy,4020,0.9741,0.9691,0.9789,0.0241,0.0191,0.0289,no
asp,5,aci,anticipative,0.95,transitional,16518,0.9552,0.9531,0.9573,0.0052,0.0031,0.0073,no
asp,5,aci_regime,anticipative,0.95,all,44221,0.959,0.9577,0.9602,0.009,0.0077,0.0102,no
asp,5,aci_regime,anticipative,0.95,clear,23683,0.9531,0.9509,0.9553,0.0031,0.0009,0.0053,no
asp,5,aci_regime,anticipative,0.95,cloudy,4020,0.9525,0.9464,0.9576,0.0025,-0.0036,0.0076,yes
asp,5,aci_regime,anticipative,0.95,transitional,16518,0.9689,0.9672,0.9707,0.0189,0.0172,0.0207,no
asp,5,aci,delayed,0.95,all,44221,0.9687,0.9672,0.9703,0.0187,0.0172,0.0203,no
asp,5,aci,delayed,0.95,clear,23683,0.9772,0.9751,0.9793,0.0272,0.0251,0.0293,no
asp,5,aci,delayed,0.95,cloudy,4020,0.9741,0.9691,0.9789,0.0241,0.0191,0.0289,no
asp,5,aci,delayed,0.95,transitional,16518,0.9552,0.9531,0.9573,0.0052,0.0031,0.0073,no
asp,5,aci_regime,delayed,0.95,all,44221,0.959,0.9577,0.9602,0.009,0.0077,0.0102,no
asp,5,aci_regime,delayed,0.95,clear,23683,0.9531,0.9509,0.9553,0.0031,0.0009,0.0053,no
asp,5,aci_regime,delayed,0.95,cloudy,4020,0.9525,0.9464,0.9576,0.0025,-0.0036,0.0076,yes
asp,5,aci_regime,delayed,0.95,transitional,16518,0.9689,0.9672,0.9707,0.0189,0.0172,0.0207,no
asp,15,icp,static,0.8,all,43497,0.7442,0.7202,0.7682,-0.0558,-0.0798,-0.0318,no
asp,15,icp,static,0.8,clear,23645,0.931,0.9177,0.943,0.131,0.1177,0.143,no
asp,15,icp,static,0.8,cloudy,3979,0.7452,0.708,0.7786,-0.0548,-0.092,-0.0214,no
asp,15,icp,static,0.8,transitional,15873,0.4657,0.4474,0.4861,-0.3343,-0.3526,-0.3139,no
asp,15,icp_norm,static,0.8,all,43497,0.7561,0.735,0.7772,-0.0439,-0.065,-0.0228,no
asp,15,icp_norm,static,0.8,clear,23645,0.9413,0.9351,0.9469,0.1413,0.1351,0.1469,no
asp,15,icp_norm,static,0.8,cloudy,3979,0.8022,0.7665,0.8336,0.0022,-0.0335,0.0336,yes
asp,15,icp_norm,static,0.8,transitional,15873,0.4688,0.4524,0.4867,-0.3312,-0.3476,-0.3133,no
asp,15,mondrian,static,0.8,all,43497,0.783,0.7688,0.7972,-0.017,-0.0312,-0.0028,no
asp,15,mondrian,static,0.8,clear,23645,0.7852,0.7618,0.8069,-0.0148,-0.0382,0.0069,yes
asp,15,mondrian,static,0.8,cloudy,3979,0.7731,0.7385,0.8044,-0.0269,-0.0615,0.0044,yes
asp,15,mondrian,static,0.8,transitional,15873,0.7821,0.7654,0.7995,-0.0179,-0.0346,-0.0005,no
asp,15,cqr,static,0.8,all,43497,0.8063,0.7985,0.8141,0.0063,-0.0015,0.0141,yes
asp,15,cqr,static,0.8,clear,23645,0.8202,0.8105,0.8295,0.0202,0.0105,0.0295,no
asp,15,cqr,static,0.8,cloudy,3979,0.817,0.7891,0.8443,0.017,-0.0109,0.0443,yes
asp,15,cqr,static,0.8,transitional,15873,0.783,0.772,0.794,-0.017,-0.028,-0.006,no
asp,15,mondrian_cqr,static,0.8,all,43497,0.8067,0.7989,0.8143,0.0067,-0.0011,0.0143,yes
asp,15,mondrian_cqr,static,0.8,clear,23645,0.8195,0.8098,0.8288,0.0195,0.0098,0.0288,no
asp,15,mondrian_cqr,static,0.8,cloudy,3979,0.8211,0.7938,0.8477,0.0211,-0.0062,0.0477,yes
asp,15,mondrian_cqr,static,0.8,transitional,15873,0.784,0.7729,0.795,-0.016,-0.0271,-0.005,no
asp,15,aci,anticipative,0.8,all,43497,0.8287,0.8263,0.8311,0.0287,0.0263,0.0311,no
asp,15,aci,anticipative,0.8,clear,23645,0.8313,0.8264,0.8359,0.0313,0.0264,0.0359,no
asp,15,aci,anticipative,0.8,cloudy,3979,0.8243,0.8095,0.838,0.0243,0.0095,0.038,no
asp,15,aci,anticipative,0.8,transitional,15873,0.8259,0.8216,0.8303,0.0259,0.0216,0.0303,no
asp,15,aci_regime,anticipative,0.8,all,43497,0.8181,0.8154,0.8208,0.0181,0.0154,0.0208,no
asp,15,aci_regime,anticipative,0.8,clear,23645,0.7961,0.791,0.8009,-0.0039,-0.009,0.0009,yes
asp,15,aci_regime,anticipative,0.8,cloudy,3979,0.8108,0.7948,0.8247,0.0108,-0.0052,0.0247,yes
asp,15,aci_regime,anticipative,0.8,transitional,15873,0.8526,0.8479,0.8581,0.0526,0.0479,0.0581,no
asp,15,aci,delayed,0.8,all,43497,0.8256,0.8232,0.8281,0.0256,0.0232,0.0281,no
asp,15,aci,delayed,0.8,clear,23645,0.8283,0.8232,0.8332,0.0283,0.0232,0.0332,no
asp,15,aci,delayed,0.8,cloudy,3979,0.8175,0.8013,0.8326,0.0175,0.0013,0.0326,no
asp,15,aci,delayed,0.8,transitional,15873,0.8235,0.8188,0.8283,0.0235,0.0188,0.0283,no
asp,15,aci_regime,delayed,0.8,all,43497,0.8144,0.8116,0.8174,0.0144,0.0116,0.0174,no
asp,15,aci_regime,delayed,0.8,clear,23645,0.7915,0.786,0.7967,-0.0085,-0.014,-0.0033,no
asp,15,aci_regime,delayed,0.8,cloudy,3979,0.8062,0.7896,0.8208,0.0062,-0.0104,0.0208,yes
asp,15,aci_regime,delayed,0.8,transitional,15873,0.8506,0.8457,0.856,0.0506,0.0457,0.056,no
asp,15,icp,static,0.9,all,43497,0.8737,0.8586,0.8885,-0.0263,-0.0414,-0.0115,no
asp,15,icp,static,0.9,clear,23645,0.9777,0.9735,0.9816,0.0777,0.0735,0.0816,no
asp,15,icp,static,0.9,cloudy,3979,0.9201,0.8997,0.9374,0.0201,-0.0003,0.0374,yes
asp,15,icp,static,0.9,transitional,15873,0.707,0.6886,0.7264,-0.193,-0.2114,-0.1736,no
asp,15,icp_norm,static,0.9,all,43497,0.8733,0.861,0.8856,-0.0267,-0.039,-0.0144,no
asp,15,icp_norm,static,0.9,clear,23645,0.9685,0.9654,0.9714,0.0685,0.0654,0.0714,no
asp,15,icp_norm,static,0.9,cloudy,3979,0.9404,0.9238,0.9535,0.0404,0.0238,0.0535,no
asp,15,icp_norm,static,0.9,transitional,15873,0.7147,0.699,0.731,-0.1853,-0.201,-0.169,no
asp,15,mondrian,static,0.9,all,43497,0.8839,0.873,0.8945,-0.0161,-0.027,-0.0055,no
asp,15,mondrian,static,0.9,clear,23645,0.8783,0.8595,0.8956,-0.0217,-0.0405,-0.0044,no
asp,15,mondrian,static,0.9,cloudy,3979,0.8786,0.8538,0.9005,-0.0214,-0.0462,0.0005,yes
asp,15,mondrian,static,0.9,transitional,15873,0.8935,0.8817,0.9054,-0.0065,-0.0183,0.0054,yes
asp,15,cqr,static,0.9,all,43497,0.9014,0.896,0.9067,0.0014,-0.004,0.0067,yes
asp,15,cqr,static,0.9,clear,23645,0.9106,0.9041,0.9168,0.0106,0.0041,0.0168,no
asp,15,cqr,static,0.9,cloudy,3979,0.9105,0.8934,0.9261,0.0105,-0.0066,0.0261,yes
asp,15,cqr,static,0.9,transitional,15873,0.8854,0.8766,0.894,-0.0146,-0.0234,-0.006,no
asp,15,mondrian_cqr,static,0.9,all,43497,0.902,0.8968,0.9073,0.002,-0.0032,0.0073,yes
asp,15,mondrian_cqr,static,0.9,clear,23645,0.9071,0.9005,0.9134,0.0071,0.0005,0.0134,no
asp,15,mondrian_cqr,static,0.9,cloudy,3979,0.911,0.8942,0.9264,0.011,-0.0058,0.0264,yes
asp,15,mondrian_cqr,static,0.9,transitional,15873,0.8923,0.8835,0.9008,-0.0077,-0.0165,0.0008,yes
asp,15,aci,anticipative,0.9,all,43497,0.9277,0.9256,0.93,0.0277,0.0256,0.03,no
asp,15,aci,anticipative,0.9,clear,23645,0.9332,0.9295,0.9366,0.0332,0.0295,0.0366,no
asp,15,aci,anticipative,0.9,cloudy,3979,0.9198,0.9103,0.9285,0.0198,0.0103,0.0285,no
asp,15,aci,anticipative,0.9,transitional,15873,0.9216,0.9187,0.9246,0.0216,0.0187,0.0246,no
asp,15,aci_regime,anticipative,0.9,all,43497,0.9136,0.9118,0.9154,0.0136,0.0118,0.0154,no
asp,15,aci_regime,anticipative,0.9,clear,23645,0.9005,0.8971,0.9038,0.0005,-0.0029,0.0038,yes
asp,15,aci_regime,anticipative,0.9,cloudy,3979,0.9073,0.8967,0.9163,0.0073,-0.0033,0.0163,yes
asp,15,aci_regime,anticipative,0.9,transitional,15873,0.9347,0.9316,0.9381,0.0347,0.0316,0.0381,no
asp,15,aci,delayed,0.9,all,43497,0.9236,0.9215,0.9259,0.0236,0.0215,0.0259,no
asp,15,aci,delayed,0.9,clear,23645,0.9298,0.9257,0.9335,0.0298,0.0257,0.0335,no
asp,15,aci,delayed,0.9,cloudy,3979,0.9178,0.9066,0.9277,0.0178,0.0066,0.0277,no
asp,15,aci,delayed,0.9,transitional,15873,0.916,0.9126,0.9194,0.016,0.0126,0.0194,no
asp,15,aci_regime,delayed,0.9,all,43497,0.9088,0.9068,0.9108,0.0088,0.0068,0.0108,no
asp,15,aci_regime,delayed,0.9,clear,23645,0.8942,0.8904,0.8977,-0.0058,-0.0096,-0.0023,no
asp,15,aci_regime,delayed,0.9,cloudy,3979,0.9017,0.8902,0.9114,0.0017,-0.0098,0.0114,yes
asp,15,aci_regime,delayed,0.9,transitional,15873,0.9322,0.929,0.9358,0.0322,0.029,0.0358,no
asp,15,icp,static,0.95,all,43497,0.9363,0.9273,0.9449,-0.0137,-0.0227,-0.0051,no
asp,15,icp,static,0.95,clear,23645,0.9883,0.9858,0.9905,0.0383,0.0358,0.0405,no
asp,15,icp,static,0.95,cloudy,3979,0.9688,0.9584,0.9771,0.0188,0.0084,0.0271,no
asp,15,icp,static,0.95,transitional,15873,0.8507,0.8364,0.865,-0.0993,-0.1136,-0.085,no
asp,15,icp_norm,static,0.95,all,43497,0.935,0.928,0.9418,-0.015,-0.022,-0.0082,no
asp,15,icp_norm,static,0.95,clear,23645,0.9819,0.9797,0.984,0.0319,0.0297,0.034,no
asp,15,icp_norm,static,0.95,cloudy,3979,0.9696,0.9589,0.9781,0.0196,0.0089,0.0281,no
asp,15,icp_norm,static,0.95,transitional,15873,0.8565,0.845,0.868,-0.0935,-0.105,-0.082,no
asp,15,mondrian,static,0.95,all,43497,0.9367,0.9287,0.9443,-0.0133,-0.0213,-0.0057,no
asp,15,mondrian,static,0.95,clear,23645,0.9261,0.9121,0.9387,-0.0239,-0.0379,-0.0113,no
asp,15,mondrian,static,0.95,cloudy,3979,0.9412,0.9236,0.9554,-0.0088,-0.0264,0.0054,yes
asp,15,mondrian,static,0.95,transitional,15873,0.9515,0.9439,0.9589,0.0015,-0.0061,0.0089,yes
asp,15,cqr,static,0.95,all,43497,0.9472,0.9434,0.951,-0.0028,-0.0066,0.001,yes
asp,15,cqr,static,0.95,clear,23645,0.9518,0.9475,0.9559,0.0018,-0.0025,0.0059,yes
asp,15,cqr,static,0.95,cloudy,3979,0.9502,0.9359,0.9631,0.0002,-0.0141,0.0131,yes
asp,15,cqr,static,0.95,transitional,15873,0.9395,0.933,0.9458,-0.0105,-0.017,-0.0042,no
asp,15,mondrian_cqr,static,0.95,all,43497,0.9486,0.9451,0.9521,-0.0014,-0.0049,0.0021,yes
asp,15,mondrian_cqr,static,0.95,clear,23645,0.9473,0.9428,0.9515,-0.0027,-0.0072,0.0015,yes
asp,15,mondrian_cqr,static,0.95,cloudy,3979,0.9548,0.9415,0.9664,0.0048,-0.0085,0.0164,yes
asp,15,mondrian_cqr,static,0.95,transitional,15873,0.949,0.9433,0.9546,-0.001,-0.0067,0.0046,yes
asp,15,aci,anticipative,0.95,all,43497,0.9709,0.9693,0.9726,0.0209,0.0193,0.0226,no
asp,15,aci,anticipative,0.95,clear,23645,0.9762,0.9737,0.9786,0.0262,0.0237,0.0286,no
asp,15,aci,anticipative,0.95,cloudy,3979,0.9648,0.9591,0.9699,0.0148,0.0091,0.0199,no
asp,15,aci,anticipative,0.95,transitional,15873,0.9645,0.9626,0.9664,0.0145,0.0126,0.0164,no
asp,15,aci_regime,anticipative,0.95,all,43497,0.9594,0.9581,0.9607,0.0094,0.0081,0.0107,no
asp,15,aci_regime,anticipative,0.95,clear,23645,0.9527,0.9504,0.9548,0.0027,0.0004,0.0048,no
asp,15,aci_regime,anticipative,0.95,cloudy,3979,0.9545,0.9474,0.9606,0.0045,-0.0026,0.0106,yes
asp,15,aci_regime,anticipative,0.95,transitional,15873,0.9705,0.9687,0.9725,0.0205,0.0187,0.0225,no
asp,15,aci,delayed,0.95,all,43497,0.968,0.9662,0.9698,0.018,0.0162,0.0198,no
asp,15,aci,delayed,0.95,clear,23645,0.9737,0.9709,0.9764,0.0237,0.0209,0.0264,no
asp,15,aci,delayed,0.95,cloudy,3979,0.9598,0.9519,0.9668,0.0098,0.0019,0.0168,no
asp,15,aci,delayed,0.95,transitional,15873,0.9614,0.959,0.9639,0.0114,0.009,0.0139,no
asp,15,aci_regime,delayed,0.95,all,43497,0.9522,0.9506,0.9539,0.0022,0.0006,0.0039,no
asp,15,aci_regime,delayed,0.95,clear,23645,0.9435,0.9406,0.9462,-0.0065,-0.0094,-0.0038,no
asp,15,aci_regime,delayed,0.95,cloudy,3979,0.9447,0.9356,0.9524,-0.0053,-0.0144,0.0024,yes
asp,15,aci_regime,delayed,0.95,transitional,15873,0.9671,0.9649,0.9694,0.0171,0.0149,0.0194,no
asp,30,icp,static,0.8,all,42411,0.7484,0.7233,0.7742,-0.0516,-0.0767,-0.0258,no
asp,30,icp,static,0.8,clear,23518,0.9418,0.9314,0.9514,0.1418,0.1314,0.1514,no
asp,30,icp,static,0.8,cloudy,3883,0.657,0.6088,0.7019,-0.143,-0.1912,-0.0981,no
asp,30,icp,static,0.8,transitional,15010,0.4692,0.4493,0.4912,-0.3308,-0.3507,-0.3088,no
asp,30,icp_norm,static,0.8,all,42411,0.7556,0.7342,0.7771,-0.0444,-0.0658,-0.0229,no
asp,30,icp_norm,static,0.8,clear,23518,0.9337,0.9272,0.9397,0.1337,0.1272,0.1397,no
asp,30,icp_norm,static,0.8,cloudy,3883,0.7317,0.6897,0.7692,-0.0683,-0.1103,-0.0308,no
asp,30,icp_norm,static,0.8,transitional,15010,0.4828,0.4656,0.5014,-0.3172,-0.3344,-0.2986,no
asp,30,mondrian,static,0.8,all,42411,0.7742,0.7583,0.7901,-0.0258,-0.0417,-0.0099,no
asp,30,mondrian,static,0.8,clear,23518,0.773,0.7463,0.7978,-0.027,-0.0537,-0.0022,no
asp,30,mondrian,static,0.8,cloudy,3883,0.7517,0.7112,0.7883,-0.0483,-0.0888,-0.0117,no
asp,30,mondrian,static,0.8,transitional,15010,0.782,0.7638,0.8006,-0.018,-0.0362,0.0006,yes
asp,30,cqr,static,0.8,all,42411,0.8049,0.7959,0.8138,0.0049,-0.0041,0.0138,yes
asp,30,cqr,static,0.8,clear,23518,0.8179,0.807,0.8284,0.0179,0.007,0.0284,no
asp,30,cqr,static,0.8,cloudy,3883,0.8048,0.7731,0.836,0.0048,-0.0269,0.036,yes
asp,30,cqr,static,0.8,transitional,15010,0.7844,0.7702,0.7984,-0.0156,-0.0298,-0.0016,no
asp,30,mondrian_cqr,static,0.8,all,42411,0.8055,0.7968,0.8144,0.0055,-0.0032,0.0144,yes
asp,30,mondrian_cqr,static,0.8,clear,23518,0.8166,0.8057,0.827,0.0166,0.0057,0.027,no
asp,30,mondrian_cqr,static,0.8,cloudy,3883,0.8143,0.7849,0.8439,0.0143,-0.0151,0.0439,yes
asp,30,mondrian_cqr,static,0.8,transitional,15010,0.7859,0.7718,0.7998,-0.0141,-0.0282,-0.0002,no
asp,30,aci,anticipative,0.8,all,42411,0.833,0.8303,0.8358,0.033,0.0303,0.0358,no
asp,30,aci,anticipative,0.8,clear,23518,0.8339,0.8283,0.8391,0.0339,0.0283,0.0391,no
asp,30,aci,anticipative,0.8,cloudy,3883,0.8241,0.8094,0.8374,0.0241,0.0094,0.0374,no
asp,30,aci,anticipative,0.8,transitional,15010,0.8338,0.8291,0.8388,0.0338,0.0291,0.0388,no
asp,30,aci_regime,anticipative,0.8,all,42411,0.8205,0.8178,0.8235,0.0205,0.0178,0.0235,no
asp,30,aci_regime,anticipative,0.8,clear,23518,0.8002,0.7948,0.8053,0.0002,-0.0052,0.0053,yes
asp,30,aci_regime,anticipative,0.8,cloudy,3883,0.8117,0.7937,0.8267,0.0117,-0.0063,0.0267,yes
asp,30,aci_regime,anticipative,0.8,transitional,15010,0.8548,0.8498,0.8603,0.0548,0.0498,0.0603,no
asp,30,aci,delayed,0.8,all,42411,0.8256,0.8227,0.8285,0.0256,0.0227,0.0285,no
asp,30,aci,delayed,0.8,clear,23518,0.8256,0.8191,0.8316,0.0256,0.0191,0.0316,no
asp,30,aci,delayed,0.8,cloudy,3883,0.8269,0.8092,0.843,0.0269,0.0092,0.043,no
asp,30,aci,delayed,0.8,transitional,15010,0.8252,0.8182,0.832,0.0252,0.0182,0.032,no
asp,30,aci_regime,delayed,0.8,all,42411,0.8093,0.8057,0.8129,0.0093,0.0057,0.0129,no
asp,30,aci_regime,delayed,0.8,clear,23518,0.7865,0.7801,0.7925,-0.0135,-0.0199,-0.0075,no
asp,30,aci_regime,delayed,0.8,cloudy,3883,0.8017,0.7808,0.8191,0.0017,-0.0192,0.0191,yes
asp,30,aci_regime,delayed,0.8,transitional,15010,0.847,0.8412,0.8531,0.047,0.0412,0.0531,no
asp,30,icp,static,0.9,all,42411,0.8723,0.8565,0.8878,-0.0277,-0.0435,-0.0122,no
asp,30,icp,static,0.9,clear,23518,0.975,0.9702,0.9795,0.075,0.0702,0.0795,no
asp,30,icp,static,0.9,cloudy,3883,0.8769,0.8486,0.9022,-0.0231,-0.0514,0.0022,yes
asp,30,icp,static,0.9,transitional,15010,0.7101,0.6899,0.731,-0.1899,-0.2101,-0.169,no
asp,30,icp_norm,static,0.9,all,42411,0.8722,0.8591,0.8851,-0.0278,-0.0409,-0.0149,no
asp,30,icp_norm,static,0.9,clear,23518,0.9634,0.9594,0.9671,0.0634,0.0594,0.0671,no
asp,30,icp_norm,static,0.9,cloudy,3883,0.9039,0.8775,0.9248,0.0039,-0.0225,0.0248,yes
asp,30,icp_norm,static,0.9,transitional,15010,0.7211,0.7032,0.7399,-0.1789,-0.1968,-0.1601,no
asp,30,mondrian,static,0.9,all,42411,0.8832,0.8717,0.8944,-0.0168,-0.0283,-0.0056,no
asp,30,mondrian,static,0.9,clear,23518,0.8763,0.8573,0.894,-0.0237,-0.0427,-0.006,no
asp,30,mondrian,static,0.9,cloudy,3883,0.8846,0.8567,0.9095,-0.0154,-0.0433,0.0095,yes
asp,30,mondrian,static,0.9,transitional,15010,0.8935,0.8799,0.9069,-0.0065,-0.0201,0.0069,yes
asp,30,cqr,static,0.9,all,42411,0.8982,0.8919,0.9044,-0.0018,-0.0081,0.0044,yes
asp,30,cqr,static,0.9,clear,23518,0.9031,0.8949,0.9107,0.0031,-0.0051,0.0107,yes
asp,30,cqr,static,0.9,cloudy,3883,0.9042,0.8854,0.9224,0.0042,-0.0146,0.0224,yes
asp,30,cqr,static,0.9,transitional,15010,0.8889,0.8783,0.8993,-0.0111,-0.0217,-0.0007,no
asp,30,mondrian_cqr,static,0.9,all,42411,0.8991,0.8929,0.9051,-0.0009,-0.0071,0.0051,yes
asp,30,mondrian_cqr,static,0.9,clear,23518,0.9005,0.8924,0.9081,0.0005,-0.0076,0.0081,yes
asp,30,mondrian_cqr,static,0.9,cloudy,3883,0.9068,0.8885,0.9247,0.0068,-0.0115,0.0247,yes
asp,30,mondrian_cqr,static,0.9,transitional,15010,0.8949,0.8846,0.9051,-0.0051,-0.0154,0.0051,yes
asp,30,aci,anticipative,0.9,all,42411,0.9314,0.929,0.934,0.0314,0.029,0.034,no
asp,30,aci,anticipative,0.9,clear,23518,0.9366,0.9323,0.9407,0.0366,0.0323,0.0407,no
asp,30,aci,anticipative,0.9,cloudy,3883,0.9199,0.9096,0.9289,0.0199,0.0096,0.0289,no
asp,30,aci,anticipative,0.9,transitional,15010,0.9262,0.9229,0.9297,0.0262,0.0229,0.0297,no
asp,30,aci_regime,anticipative,0.9,all,42411,0.9176,0.9156,0.9197,0.0176,0.0156,0.0197,no
asp,30,aci_regime,anticipative,0.9,clear,23518,0.9066,0.903,0.9101,0.0066,0.003,0.0101,no
asp,30,aci_regime,anticipative,0.9,cloudy,3883,0.9106,0.8991,0.9201,0.0106,-0.0009,0.0201,yes
asp,30,aci_regime,anticipative,0.9,transitional,15010,0.9366,0.9334,0.9402,0.0366,0.0334,0.0402,no
asp,30,aci,delayed,0.9,all,42411,0.9233,0.9206,0.9261,0.0233,0.0206,0.0261,no
asp,30,aci,delayed,0.9,clear,23518,0.9289,0.9237,0.9338,0.0289,0.0237,0.0338,no
asp,30,aci,delayed,0.9,cloudy,3883,0.9117,0.8972,0.9242,0.0117,-0.0028,0.0242,yes
asp,30,aci,delayed,0.9,transitional,15010,0.9175,0.9124,0.9226,0.0175,0.0124,0.0226,no
asp,30,aci_regime,delayed,0.9,all,42411,0.9025,0.8995,0.9055,0.0025,-0.0005,0.0055,yes
asp,30,aci_regime,delayed,0.9,clear,23518,0.8877,0.8824,0.8926,-0.0123,-0.0176,-0.0074,no
asp,30,aci_regime,delayed,0.9,cloudy,3883,0.8931,0.8773,0.9057,-0.0069,-0.0227,0.0057,yes
asp,30,aci_regime,delayed,0.9,transitional,15010,0.928,0.9238,0.9324,0.028,0.0238,0.0324,no
asp,30,icp,static,0.95,all,42411,0.9374,0.9283,0.9462,-0.0126,-0.0217,-0.0038,no
asp,30,icp,static,0.95,clear,23518,0.9864,0.9832,0.9892,0.0364,0.0332,0.0392,no
asp,30,icp,static,0.95,cloudy,3883,0.9469,0.9286,0.9617,-0.0031,-0.0214,0.0117,yes
asp,30,icp,static,0.95,transitional,15010,0.8582,0.8434,0.8731,-0.0918,-0.1066,-0.0769,no
asp,30,icp_norm,static,0.95,all,42411,0.9335,0.9258,0.9409,-0.0165,-0.0242,-0.0091,no
asp,30,icp_norm,static,0.95,clear,23518,0.9789,0.9761,0.9816,0.0289,0.0261,0.0316,no
asp,30,icp_norm,static,0.95,cloudy,3883,0.9482,0.93,0.9626,-0.0018,-0.02,0.0126,yes
asp,30,icp_norm,static,0.95,transitional,15010,0.8584,0.8456,0.8712,-0.0916,-0.1044,-0.0788,no
asp,30,mondrian,static,0.95,all,42411,0.9397,0.9327,0.9466,-0.0103,-0.0173,-0.0034,no
asp,30,mondrian,static,0.95,clear,23518,0.9345,0.9232,0.945,-0.0155,-0.0268,-0.005,no
asp,30,mondrian,static,0.95,cloudy,3883,0.939,0.9191,0.9551,-0.011,-0.0309,0.0051,yes
asp,30,mondrian,static,0.95,transitional,15010,0.9482,0.9397,0.9566,-0.0018,-0.0103,0.0066,yes
asp,30,cqr,static,0.95,all,42411,0.9442,0.9396,0.9487,-0.0058,-0.0104,-0.0013,no
asp,30,cqr,static,0.95,clear,23518,0.947,0.941,0.9525,-0.003,-0.009,0.0025,yes
asp,30,cqr,static,0.95,cloudy,3883,0.9408,0.9271,0.9542,-0.0092,-0.0229,0.0042,yes
asp,30,cqr,static,0.95,transitional,15010,0.9407,0.9332,0.9479,-0.0093,-0.0168,-0.0021,no
asp,30,mondrian_cqr,static,0.95,all,42411,0.9447,0.9401,0.9491,-0.0053,-0.0099,-0.0009,no
asp,30,mondrian_cqr,static,0.95,clear,23518,0.944,0.938,0.9496,-0.006,-0.012,-0.0004,no
asp,30,mondrian_cqr,static,0.95,cloudy,3883,0.95,0.9375,0.9617,0.0,-0.0125,0.0117,yes
asp,30,mondrian_cqr,static,0.95,transitional,15010,0.9444,0.937,0.9515,-0.0056,-0.013,0.0015,yes
asp,30,aci,anticipative,0.95,all,42411,0.973,0.9713,0.9748,0.023,0.0213,0.0248,no
asp,30,aci,anticipative,0.95,clear,23518,0.9784,0.9757,0.9809,0.0284,0.0257,0.0309,no
asp,30,aci,anticipative,0.95,cloudy,3883,0.9642,0.9577,0.9698,0.0142,0.0077,0.0198,no
asp,30,aci,anticipative,0.95,transitional,15010,0.9669,0.9648,0.9691,0.0169,0.0148,0.0191,no
asp,30,aci_regime,anticipative,0.95,all,42411,0.9621,0.9607,0.9636,0.0121,0.0107,0.0136,no
asp,30,aci_regime,anticipative,0.95,clear,23518,0.957,0.9546,0.9592,0.007,0.0046,0.0092,no
asp,30,aci_regime,anticipative,0.95,cloudy,3883,0.9583,0.951,0.9643,0.0083,0.001,0.0143,no
asp,30,aci_regime,anticipative,0.95,transitional,15010,0.9712,0.9692,0.9733,0.0212,0.0192,0.0233,no
asp,30,aci,delayed,0.95,all,42411,0.9665,0.9643,0.9687,0.0165,0.0143,0.0187,no
asp,30,aci,delayed,0.95,clear,23518,0.9719,0.9682,0.9755,0.0219,0.0182,0.0255,no
asp,30,aci,delayed,0.95,cloudy,3883,0.9488,0.9371,0.9591,-0.0012,-0.0129,0.0091,yes
asp,30,aci,delayed,0.95,transitional,15010,0.9625,0.9591,0.9659,0.0125,0.0091,0.0159,no
asp,30,aci_regime,delayed,0.95,all,42411,0.9461,0.9434,0.9488,-0.0039,-0.0066,-0.0012,no
asp,30,aci_regime,delayed,0.95,clear,23518,0.9377,0.9332,0.9419,-0.0123,-0.0168,-0.0081,no
asp,30,aci_regime,delayed,0.95,cloudy,3883,0.9369,0.9238,0.9477,-0.0131,-0.0262,-0.0023,no
asp,30,aci_regime,delayed,0.95,transitional,15010,0.9616,0.9582,0.9651,0.0116,0.0082,0.0151,no
yulara,60,icp,static,0.8,all,36794,0.7525,0.7279,0.7776,-0.0475,-0.0721,-0.0224,no
yulara,60,icp,static,0.8,clear,19929,0.9325,0.9199,0.9438,0.1325,0.1199,0.1438,no
yulara,60,icp,static,0.8,cloudy,3275,0.6339,0.5888,0.6775,-0.1661,-0.2112,-0.1225,no
yulara,60,icp,static,0.8,transitional,13590,0.5171,0.4942,0.5411,-0.2829,-0.3058,-0.2589,no
yulara,60,icp_norm,static,0.8,all,36794,0.7749,0.7567,0.7928,-0.0251,-0.0433,-0.0072,no
yulara,60,icp_norm,static,0.8,clear,19929,0.8977,0.889,0.9059,0.0977,0.089,0.1059,no
yulara,60,icp_norm,static,0.8,cloudy,3275,0.764,0.723,0.7985,-0.036,-0.077,-0.0015,no
yulara,60,icp_norm,static,0.8,transitional,13590,0.5973,0.5737,0.6209,-0.2027,-0.2263,-0.1791,no
yulara,60,mondrian,static,0.8,all,36794,0.7968,0.7817,0.812,-0.0032,-0.0183,0.012,yes
yulara,60,mondrian,static,0.8,clear,19929,0.821,0.8008,0.8397,0.021,0.0008,0.0397,no
yulara,60,mondrian,static,0.8,cloudy,3275,0.7615,0.7179,0.8003,-0.0385,-0.0821,0.0003,yes
yulara,60,mondrian,static,0.8,transitional,13590,0.7699,0.7506,0.7897,-0.0301,-0.0494,-0.0103,no
yulara,60,cqr,static,0.8,all,36794,0.8234,0.8117,0.8349,0.0234,0.0117,0.0349,no
yulara,60,cqr,static,0.8,clear,19929,0.8382,0.8256,0.8502,0.0382,0.0256,0.0502,no
yulara,60,cqr,static,0.8,cloudy,3275,0.8614,0.8315,0.8887,0.0614,0.0315,0.0887,no
yulara,60,cqr,static,0.8,transitional,13590,0.7925,0.7737,0.811,-0.0075,-0.0263,0.011,yes
yulara,60,mondrian_cqr,static,0.8,all,36794,0.8228,0.8111,0.8342,0.0228,0.0111,0.0342,no
yulara,60,mondrian_cqr,static,0.8,clear,19929,0.8387,0.8261,0.8507,0.0387,0.0261,0.0507,no
yulara,60,mondrian_cqr,static,0.8,cloudy,3275,0.8134,0.7774,0.8471,0.0134,-0.0226,0.0471,yes
yulara,60,mondrian_cqr,static,0.8,transitional,13590,0.8018,0.7831,0.82,0.0018,-0.0169,0.02,yes
yulara,60,aci,anticipative,0.8,all,36794,0.8265,0.8234,0.8296,0.0265,0.0234,0.0296,no
yulara,60,aci,anticipative,0.8,clear,19929,0.8164,0.8096,0.8229,0.0164,0.0096,0.0229,no
yulara,60,aci,anticipative,0.8,cloudy,3275,0.8311,0.814,0.8461,0.0311,0.014,0.0461,no
yulara,60,aci,anticipative,0.8,transitional,13590,0.84,0.8337,0.847,0.04,0.0337,0.047,no
yulara,60,aci_regime,anticipative,0.8,all,36794,0.8185,0.8142,0.823,0.0185,0.0142,0.023,no
yulara,60,aci_regime,anticipative,0.8,clear,19929,0.7935,0.7864,0.8005,-0.0065,-0.0136,0.0005,yes
yulara,60,aci_regime,anticipative,0.8,cloudy,3275,0.8318,0.8118,0.8489,0.0318,0.0118,0.0489,no
yulara,60,aci_regime,anticipative,0.8,transitional,13590,0.852,0.8463,0.8584,0.052,0.0463,0.0584,no
yulara,60,aci,delayed,0.8,all,36794,0.8058,0.8012,0.8105,0.0058,0.0012,0.0105,no
yulara,60,aci,delayed,0.8,clear,19929,0.7938,0.7834,0.8038,-0.0062,-0.0166,0.0038,yes
yulara,60,aci,delayed,0.8,cloudy,3275,0.8198,0.7904,0.8472,0.0198,-0.0096,0.0472,yes
yulara,60,aci,delayed,0.8,transitional,13590,0.8201,0.808,0.8325,0.0201,0.008,0.0325,no
yulara,60,aci_regime,delayed,0.8,all,36794,0.7873,0.7805,0.7939,-0.0127,-0.0195,-0.0061,no
yulara,60,aci_regime,delayed,0.8,clear,19929,0.7549,0.7441,0.7653,-0.0451,-0.0559,-0.0347,no
yulara,60,aci_regime,delayed,0.8,cloudy,3275,0.811,0.7853,0.8328,0.011,-0.0147,0.0328,yes
yulara,60,aci_regime,delayed,0.8,transitional,13590,0.829,0.8206,0.8374,0.029,0.0206,0.0374,no
yulara,60,icp,static,0.9,all,36794,0.8702,0.8545,0.886,-0.0298,-0.0455,-0.014,no
yulara,60,icp,static,0.9,clear,19929,0.9679,0.9609,0.9743,0.0679,0.0609,0.0743,no
yulara,60,icp,static,0.9,cloudy,3275,0.8348,0.7963,0.8679,-0.0652,-0.1037,-0.0321,no
yulara,60,icp,static,0.9,transitional,13590,0.7353,0.7155,0.7559,-0.1647,-0.1845,-0.1441,no
yulara,60,icp_norm,static,0.9,all,36794,0.8923,0.882,0.9023,-0.0077,-0.018,0.0023,yes
yulara,60,icp_norm,static,0.9,clear,19929,0.9339,0.9273,0.9401,0.0339,0.0273,0.0401,no
yulara,60,icp_norm,static,0.9,cloudy,3275,0.927,0.9031,0.9464,0.027,0.0031,0.0464,no
yulara,60,icp_norm,static,0.9,transitional,13590,0.8229,0.8043,0.8414,-0.0771,-0.0957,-0.0586,no
yulara,60,mondrian,static,0.9,all,36794,0.8981,0.8879,0.9082,-0.0019,-0.0121,0.0082,yes
yulara,60,mondrian,static,0.9,clear,19929,0.8997,0.8843,0.9138,-0.0003,-0.0157,0.0138,yes
yulara,60,mondrian,static,0.9,cloudy,3275,0.9014,0.8719,0.9258,0.0014,-0.0281,0.0258,yes
yulara,60,mondrian,static,0.9,transitional,13590,0.8948,0.881,0.9084,-0.0052,-0.019,0.0084,yes
yulara,60,cqr,static,0.9,all,36794,0.9094,0.9009,0.9174,0.0094,0.0009,0.0174,no
yulara,60,cqr,static,0.9,clear,19929,0.9048,0.895,0.9139,0.0048,-0.005,0.0139,yes
yulara,60,cqr,static,0.9,cloudy,3275,0.9637,0.9488,0.9763,0.0637,0.0488,0.0763,no
yulara,60,cqr,static,0.9,transitional,13590,0.903,0.888,0.9175,0.003,-0.012,0.0175,yes
yulara,60,mondrian_cqr,static,0.9,all,36794,0.9078,0.8993,0.9159,0.0078,-0.0007,0.0159,yes
yulara,60,mondrian_cqr,static,0.9,clear,19929,0.9085,0.8989,0.9175,0.0085,-0.0011,0.0175,yes
yulara,60,mondrian_cqr,static,0.9,cloudy,3275,0.9224,0.8972,0.9449,0.0224,-0.0028,0.0449,yes
yulara,60,mondrian_cqr,static,0.9,transitional,13590,0.9032,0.8881,0.9176,0.0032,-0.0119,0.0176,yes
yulara,60,aci,anticipative,0.9,all,36794,0.9286,0.926,0.9313,0.0286,0.026,0.0313,no
yulara,60,aci,anticipative,0.9,clear,19929,0.9291,0.9243,0.9338,0.0291,0.0243,0.0338,no
yulara,60,aci,anticipative,0.9,cloudy,3275,0.9313,0.922,0.9398,0.0313,0.022,0.0398,no
yulara,60,aci,anticipative,0.9,transitional,13590,0.9271,0.9235,0.931,0.0271,0.0235,0.031,no
yulara,60,aci_regime,anticipative,0.9,all,36794,0.9192,0.9161,0.9223,0.0192,0.0161,0.0223,no
yulara,60,aci_regime,anticipative,0.9,clear,19929,0.907,0.902,0.9119,0.007,0.002,0.0119,no
yulara,60,aci_regime,anticipative,0.9,cloudy,3275,0.9261,0.914,0.9371,0.0261,0.014,0.0371,no
yulara,60,aci_regime,anticipative,0.9,transitional,13590,0.9354,0.9318,0.9392,0.0354,0.0318,0.0392,no
yulara,60,aci,delayed,0.9,all,36794,0.8998,0.8951,0.9045,-0.0002,-0.0049,0.0045,yes
yulara,60,aci,delayed,0.9,clear,19929,0.8884,0.8787,0.8976,-0.0116,-0.0213,-0.0024,no
yulara,60,aci,delayed,0.9,cloudy,3275,0.9115,0.8898,0.9308,0.0115,-0.0102,0.0308,yes
yulara,60,aci,delayed,0.9,transitional,13590,0.9138,0.9054,0.9219,0.0138,0.0054,0.0219,no
yulara,60,aci_regime,delayed,0.9,all,36794,0.8762,0.8699,0.8824,-0.0238,-0.0301,-0.0176,no
yulara,60,aci_regime,delayed,0.9,clear,19929,0.8509,0.8403,0.8609,-0.0491,-0.0597,-0.0391,no
yulara,60,aci_regime,delayed,0.9,cloudy,3275,0.898,0.8778,0.9154,-0.002,-0.0222,0.0154,yes
yulara,60,aci_regime,delayed,0.9,transitional,13590,0.9082,0.901,0.9157,0.0082,0.001,0.0157,no
yulara,60,icp,static,0.95,all,36794,0.94,0.9309,0.9488,-0.01,-0.0191,-0.0012,no
yulara,60,icp,static,0.95,clear,19929,0.9811,0.9761,0.9855,0.0311,0.0261,0.0355,no
yulara,60,icp,static,0.95,cloudy,3275,0.938,0.9161,0.9558,-0.012,-0.0339,0.0058,yes
yulara,60,icp,static,0.95,transitional,13590,0.8801,0.8654,0.8945,-0.0699,-0.0846,-0.0555,no
yulara,60,icp_norm,static,0.95,all,36794,0.9508,0.9453,0.9561,0.0008,-0.0047,0.0061,yes
yulara,60,icp_norm,static,0.95,clear,19929,0.9568,0.9519,0.9615,0.0068,0.0019,0.0115,no
yulara,60,icp_norm,static,0.95,cloudy,3275,0.9725,0.9575,0.984,0.0225,0.0075,0.034,no
yulara,60,icp_norm,static,0.95,transitional,13590,0.9368,0.9258,0.9475,-0.0132,-0.0242,-0.0025,no
yulara,60,mondrian,static,0.95,all,36794,0.9461,0.9389,0.953,-0.0039,-0.0111,0.003,yes
yulara,60,mondrian,static,0.95,clear,19929,0.9433,0.9324,0.9532,-0.0067,-0.0176,0.0032,yes
yulara,60,mondrian,static,0.95,cloudy,3275,0.9576,0.9395,0.9715,0.0076,-0.0105,0.0215,yes
yulara,60,mondrian,static,0.95,transitional,13590,0.9474,0.9378,0.9565,-0.0026,-0.0122,0.0065,yes
yulara,60,cqr,static,0.95,all,36794,0.9522,0.9456,0.9582,0.0022,-0.0044,0.0082,yes
yulara,60,cqr,static,0.95,clear,19929,0.946,0.9386,0.953,-0.004,-0.0114,0.003,yes
yulara,60,cqr,static,0.95,cloudy,3275,0.9915,0.9858,0.9961,0.0415,0.0358,0.0461,no
yulara,60,cqr,static,0.95,transitional,13590,0.9518,0.9398,0.9629,0.0018,-0.0102,0.0129,yes
yulara,60,mondrian_cqr,static,0.95,all,36794,0.9525,0.946,0.9584,0.0025,-0.004,0.0084,yes
yulara,60,mondrian_cqr,static,0.95,clear,19929,0.9545,0.9479,0.9609,0.0045,-0.0021,0.0109,yes
yulara,60,mondrian_cqr,static,0.95,cloudy,3275,0.9658,0.9501,0.9794,0.0158,0.0001,0.0294,no
yulara,60,mondrian_cqr,static,0.95,transitional,13590,0.9462,0.9336,0.958,-0.0038,-0.0164,0.008,yes
yulara,60,aci,anticipative,0.95,all,36794,0.973,0.971,0.9749,0.023,0.021,0.0249,no
yulara,60,aci,anticipative,0.95,clear,19929,0.9775,0.9744,0.9804,0.0275,0.0244,0.0304,no
yulara,60,aci,anticipative,0.95,cloudy,3275,0.9704,0.9639,0.9764,0.0204,0.0139,0.0264,no
yulara,60,aci,anticipative,0.95,transitional,13590,0.9669,0.9645,0.9693,0.0169,0.0145,0.0193,no
yulara,60,aci_regime,anticipative,0.95,all,36794,0.9644,0.9625,0.9663,0.0144,0.0125,0.0163,no
yulara,60,aci_regime,anticipative,0.95,clear,19929,0.9591,0.956,0.9621,0.0091,0.006,0.0121,no
yulara,60,aci_regime,anticipative,0.95,cloudy,3275,0.9679,0.961,0.9743,0.0179,0.011,0.0243,no
yulara,60,aci_regime,anticipative,0.95,transitional,13590,0.9712,0.969,0.9736,0.0212,0.019,0.0236,no
yulara,60,aci,delayed,0.95,all,36794,0.9511,0.9471,0.9552,0.0011,-0.0029,0.0052,yes
yulara,60,aci,delayed,0.95,clear,19929,0.9534,0.9461,0.9602,0.0034,-0.0039,0.0102,yes
yulara,60,aci,delayed,0.95,cloudy,3275,0.9515,0.9355,0.9655,0.0015,-0.0145,0.0155,yes
yulara,60,aci,delayed,0.95,transitional,13590,0.9478,0.9414,0.9538,-0.0022,-0.0086,0.0038,yes
yulara,60,aci_regime,delayed,0.95,all,36794,0.9221,0.9165,0.9275,-0.0279,-0.0335,-0.0225,no
yulara,60,aci_regime,delayed,0.95,clear,19929,0.9013,0.8919,0.9103,-0.0487,-0.0581,-0.0397,no
yulara,60,aci_regime,delayed,0.95,cloudy,3275,0.9368,0.9196,0.9516,-0.0132,-0.0304,0.0016,yes
yulara,60,aci_regime,delayed,0.95,transitional,13590,0.949,0.943,0.9549,-0.001,-0.007,0.0049,yes
yulara,5,icp,static,0.8,all,40905,0.7643,0.744,0.7851,-0.0357,-0.056,-0.0149,no
yulara,5,icp,static,0.8,clear,21783,0.9136,0.9041,0.9226,0.1136,0.1041,0.1226,no
yulara,5,icp,static,0.8,cloudy,3686,0.8885,0.8659,0.9088,0.0885,0.0659,0.1088,no
yulara,5,icp,static,0.8,transitional,15436,0.5238,0.5027,0.5464,-0.2762,-0.2973,-0.2536,no
yulara,5,icp_norm,static,0.8,all,40905,0.7766,0.7591,0.7945,-0.0234,-0.0409,-0.0055,no
yulara,5,icp_norm,static,0.8,clear,21783,0.9075,0.8987,0.9159,0.1075,0.0987,0.1159,no
yulara,5,icp_norm,static,0.8,cloudy,3686,0.9384,0.9241,0.95,0.1384,0.1241,0.15,no
yulara,5,icp_norm,static,0.8,transitional,15436,0.5532,0.5317,0.5752,-0.2468,-0.2683,-0.2248,no
yulara,5,mondrian,static,0.8,all,40905,0.7984,0.7862,0.8108,-0.0016,-0.0138,0.0108,yes
yulara,5,mondrian,static,0.8,clear,21783,0.8139,0.7972,0.8293,0.0139,-0.0028,0.0293,yes
yulara,5,mondrian,static,0.8,cloudy,3686,0.8177,0.7893,0.8449,0.0177,-0.0107,0.0449,yes
yulara,5,mondrian,static,0.8,transitional,15436,0.7718,0.7572,0.7875,-0.0282,-0.0428,-0.0125,no
yulara,5,cqr,static,0.8,all,40905,0.8021,0.7934,0.8109,0.0021,-0.0066,0.0109,yes
yulara,5,cqr,static,0.8,clear,21783,0.8179,0.8079,0.8277,0.0179,0.0079,0.0277,no
yulara,5,cqr,static,0.8,cloudy,3686,0.8437,0.8189,0.8664,0.0437,0.0189,0.0664,no
yulara,5,cqr,static,0.8,transitional,15436,0.7698,0.7567,0.7823,-0.0302,-0.0433,-0.0177,no
yulara,5,mondrian_cqr,static,0.8,all,40905,0.803,0.7943,0.8115,0.003,-0.0057,0.0115,yes
yulara,5,mondrian_cqr,static,0.8,clear,21783,0.8093,0.7992,0.8192,0.0093,-0.0008,0.0192,yes
yulara,5,mondrian_cqr,static,0.8,cloudy,3686,0.8383,0.8134,0.861,0.0383,0.0134,0.061,no
yulara,5,mondrian_cqr,static,0.8,transitional,15436,0.7856,0.7725,0.7982,-0.0144,-0.0275,-0.0018,no
yulara,5,aci,anticipative,0.8,all,40905,0.8096,0.8068,0.8124,0.0096,0.0068,0.0124,no
yulara,5,aci,anticipative,0.8,clear,21783,0.804,0.7985,0.8096,0.004,-0.0015,0.0096,yes
yulara,5,aci,anticipative,0.8,cloudy,3686,0.8562,0.8432,0.8698,0.0562,0.0432,0.0698,no
yulara,5,aci,anticipative,0.8,transitional,15436,0.8063,0.8007,0.8119,0.0063,0.0007,0.0119,no
yulara,5,aci_regime,anticipative,0.8,all,40905,0.8069,0.8028,0.8109,0.0069,0.0028,0.0109,no
yulara,5,aci_regime,anticipative,0.8,clear,21783,0.7822,0.7761,0.7882,-0.0178,-0.0239,-0.0118,no
yulara,5,aci_regime,anticipative,0.8,cloudy,3686,0.8277,0.8155,0.8394,0.0277,0.0155,0.0394,no
yulara,5,aci_regime,anticipative,0.8,transitional,15436,0.8368,0.8322,0.8421,0.0368,0.0322,0.0421,no
yulara,5,aci,delayed,0.8,all,40905,0.8096,0.8068,0.8124,0.0096,0.0068,0.0124,no
yulara,5,aci,delayed,0.8,clear,21783,0.804,0.7985,0.8096,0.004,-0.0015,0.0096,yes
yulara,5,aci,delayed,0.8,cloudy,3686,0.8562,0.8432,0.8698,0.0562,0.0432,0.0698,no
yulara,5,aci,delayed,0.8,transitional,15436,0.8063,0.8007,0.8119,0.0063,0.0007,0.0119,no
yulara,5,aci_regime,delayed,0.8,all,40905,0.8069,0.8028,0.8109,0.0069,0.0028,0.0109,no
yulara,5,aci_regime,delayed,0.8,clear,21783,0.7822,0.7761,0.7882,-0.0178,-0.0239,-0.0118,no
yulara,5,aci_regime,delayed,0.8,cloudy,3686,0.8277,0.8155,0.8394,0.0277,0.0155,0.0394,no
yulara,5,aci_regime,delayed,0.8,transitional,15436,0.8368,0.8322,0.8421,0.0368,0.0322,0.0421,no
yulara,5,icp,static,0.9,all,40905,0.8763,0.8624,0.8907,-0.0237,-0.0376,-0.0093,no
yulara,5,icp,static,0.9,clear,21783,0.9763,0.9719,0.9801,0.0763,0.0719,0.0801,no
yulara,5,icp,static,0.9,cloudy,3686,0.9696,0.9607,0.9769,0.0696,0.0607,0.0769,no
yulara,5,icp,static,0.9,transitional,15436,0.7131,0.6962,0.7311,-0.1869,-0.2038,-0.1689,no
yulara,5,icp_norm,static,0.9,all,40905,0.8909,0.8812,0.9005,-0.0091,-0.0188,0.0005,yes
yulara,5,icp_norm,static,0.9,clear,21783,0.9406,0.9339,0.947,0.0406,0.0339,0.047,no
yulara,5,icp_norm,static,0.9,cloudy,3686,0.984,0.9776,0.9886,0.084,0.0776,0.0886,no
yulara,5,icp_norm,static,0.9,transitional,15436,0.7985,0.7819,0.8148,-0.1015,-0.1181,-0.0852,no
yulara,5,mondrian,static,0.9,all,40905,0.8878,0.8798,0.8957,-0.0122,-0.0202,-0.0043,no
yulara,5,mondrian,static,0.9,clear,21783,0.8899,0.8784,0.9007,-0.0101,-0.0216,0.0007,yes
yulara,5,mondrian,static,0.9,cloudy,3686,0.901,0.8804,0.9192,0.001,-0.0196,0.0192,yes
yulara,5,mondrian,static,0.9,transitional,15436,0.8816,0.8711,0.8926,-0.0184,-0.0289,-0.0074,no
yulara,5,cqr,static,0.9,all,40905,0.8988,0.8915,0.9057,-0.0012,-0.0085,0.0057,yes
yulara,5,cqr,static,0.9,clear,21783,0.904,0.8947,0.9128,0.004,-0.0053,0.0128,yes
yulara,5,cqr,static,0.9,cloudy,3686,0.949,0.9361,0.9604,0.049,0.0361,0.0604,no
yulara,5,cqr,static,0.9,transitional,15436,0.8794,0.8677,0.8902,-0.0206,-0.0323,-0.0098,no
yulara,5,mondrian_cqr,static,0.9,all,40905,0.9004,0.8932,0.9073,0.0004,-0.0068,0.0073,yes
yulara,5,mondrian_cqr,static,0.9,clear,21783,0.8978,0.8883,0.9067,-0.0022,-0.0117,0.0067,yes
yulara,5,mondrian_cqr,static,0.9,cloudy,3686,0.9167,0.9001,0.9318,0.0167,0.0001,0.0318,no
yulara,5,mondrian_cqr,static,0.9,transitional,15436,0.9002,0.8895,0.9105,0.0002,-0.0105,0.0105,yes
yulara,5,aci,anticipative,0.9,all,40905,0.9137,0.9116,0.9159,0.0137,0.0116,0.0159,no
yulara,5,aci,anticipative,0.9,clear,21783,0.9153,0.9111,0.9195,0.0153,0.0111,0.0195,no
yulara,5,aci,anticipative,0.9,cloudy,3686,0.9425,0.9347,0.9502,0.0425,0.0347,0.0502,no
yulara,5,aci,anticipative,0.9,transitional,15436,0.9045,0.9007,0.9082,0.0045,0.0007,0.0082,no
yulara,5,aci_regime,anticipative,0.9,all,40905,0.9067,0.9041,0.9095,0.0067,0.0041,0.0095,no
yulara,5,aci_regime,anticipative,0.9,clear,21783,0.8939,0.8895,0.8982,-0.0061,-0.0105,-0.0018,no
yulara,5,aci_regime,anticipative,0.9,cloudy,3686,0.9126,0.903,0.9211,0.0126,0.003,0.0211,no
yulara,5,aci_regime,anticipative,0.9,transitional,15436,0.9235,0.9208,0.9266,0.0235,0.0208,0.0266,no
yulara,5,aci,delayed,0.9,all,40905,0.9137,0.9116,0.9159,0.0137,0.0116,0.0159,no
yulara,5,aci,delayed,0.9,clear,21783,0.9153,0.9111,0.9195,0.0153,0.0111,0.0195,no
yulara,5,aci,delayed,0.9,cloudy,3686,0.9425,0.9347,0.9502,0.0425,0.0347,0.0502,no
yulara,5,aci,delayed,0.9,transitional,15436,0.9045,0.9007,0.9082,0.0045,0.0007,0.0082,no
yulara,5,aci_regime,delayed,0.9,all,40905,0.9067,0.9041,0.9095,0.0067,0.0041,0.0095,no
yulara,5,aci_regime,delayed,0.9,clear,21783,0.8939,0.8895,0.8982,-0.0061,-0.0105,-0.0018,no
yulara,5,aci_regime,delayed,0.9,cloudy,3686,0.9126,0.903,0.9211,0.0126,0.003,0.0211,no
yulara,5,aci_regime,delayed,0.9,transitional,15436,0.9235,0.9208,0.9266,0.0235,0.0208,0.0266,no
yulara,5,icp,static,0.95,all,40905,0.9347,0.9261,0.9433,-0.0153,-0.0239,-0.0067,no
yulara,5,icp,static,0.95,clear,21783,0.9899,0.9877,0.9919,0.0399,0.0377,0.0419,no
yulara,5,icp,static,0.95,cloudy,3686,0.9883,0.9838,0.9919,0.0383,0.0338,0.0419,no
yulara,5,icp,static,0.95,transitional,15436,0.8439,0.8317,0.8567,-0.1061,-0.1183,-0.0933,no
yulara,5,icp_norm,static,0.95,all,40905,0.9475,0.942,0.9527,-0.0025,-0.008,0.0027,yes
yulara,5,icp_norm,static,0.95,clear,21783,0.9591,0.9537,0.9643,0.0091,0.0037,0.0143,no
yulara,5,icp_norm,static,0.95,cloudy,3686,0.9919,0.9879,0.9948,0.0419,0.0379,0.0448,no
yulara,5,icp_norm,static,0.95,transitional,15436,0.9204,0.91,0.9304,-0.0296,-0.04,-0.0196,no
yulara,5,mondrian,static,0.95,all,40905,0.9441,0.939,0.9492,-0.0059,-0.011,-0.0008,no
yulara,5,mondrian,static,0.95,clear,21783,0.9443,0.9371,0.951,-0.0057,-0.0129,0.001,yes
yulara,5,mondrian,static,0.95,cloudy,3686,0.9552,0.9433,0.9652,0.0052,-0.0067,0.0152,yes
yulara,5,mondrian,static,0.95,transitional,15436,0.9413,0.9337,0.9488,-0.0087,-0.0163,-0.0012,no
yulara,5,cqr,static,0.95,all,40905,0.9495,0.9437,0.9551,-0.0005,-0.0063,0.0051,yes
yulara,5,cqr,static,0.95,clear,21783,0.9406,0.9329,0.9481,-0.0094,-0.0171,-0.0019,no
yulara,5,cqr,static,0.95,cloudy,3686,0.9919,0.988,0.9948,0.0419,0.038,0.0448,no
yulara,5,cqr,static,0.95,transitional,15436,0.9518,0.9435,0.9595,0.0018,-0.0065,0.0095,yes
yulara,5,mondrian_cqr,static,0.95,all,40905,0.9497,0.9442,0.9551,-0.0003,-0.0058,0.0051,yes
yulara,5,mondrian_cqr,static,0.95,clear,21783,0.95,0.9428,0.9568,0.0,-0.0072,0.0068,yes
yulara,5,mondrian_cqr,static,0.95,cloudy,3686,0.9623,0.9525,0.9712,0.0123,0.0025,0.0212,no
yulara,5,mondrian_cqr,static,0.95,transitional,15436,0.9464,0.9372,0.9547,-0.0036,-0.0128,0.0047,yes
yulara,5,aci,anticipative,0.95,all,40905,0.9623,0.9608,0.9639,0.0123,0.0108,0.0139,no
yulara,5,aci,anticipative,0.95,clear,21783,0.9658,0.9634,0.9682,0.0158,0.0134,0.0182,no
yulara,5,aci,anticipative,0.95,cloudy,3686,0.9799,0.9745,0.9849,0.0299,0.0245,0.0349,no
yulara,5,aci,anticipative,0.95,transitional,15436,0.9531,0.9509,0.9553,0.0031,0.0009,0.0053,no
yulara,5,aci_regime,anticipative,0.95,all,40905,0.9551,0.9534,0.9568,0.0051,0.0034,0.0068,no
yulara,5,aci_regime,anticipative,0.95,clear,21783,0.9486,0.946,0.9512,-0.0014,-0.004,0.0012,yes
yulara,5,aci_regime,anticipative,0.95,cloudy,3686,0.9571,0.9504,0.9629,0.0071,0.0004,0.0129,no
yulara,5,aci_regime,anticipative,0.95,transitional,15436,0.9637,0.962,0.9656,0.0137,0.012,0.0156,no
yulara,5,aci,delayed,0.95,all,40905,0.9623,0.9608,0.9639,0.0123,0.0108,0.0139,no
yulara,5,aci,delayed,0.95,clear,21783,0.9658,0.9634,0.9682,0.0158,0.0134,0.0182,no
yulara,5,aci,delayed,0.95,cloudy,3686,0.9799,0.9745,0.9849,0.0299,0.0245,0.0349,no
yulara,5,aci,delayed,0.95,transitional,15436,0.9531,0.9509,0.9553,0.0031,0.0009,0.0053,no
yulara,5,aci_regime,delayed,0.95,all,40905,0.9551,0.9534,0.9568,0.0051,0.0034,0.0068,no
yulara,5,aci_regime,delayed,0.95,clear,21783,0.9486,0.946,0.9512,-0.0014,-0.004,0.0012,yes
yulara,5,aci_regime,delayed,0.95,cloudy,3686,0.9571,0.9504,0.9629,0.0071,0.0004,0.0129,no
yulara,5,aci_regime,delayed,0.95,transitional,15436,0.9637,0.962,0.9656,0.0137,0.012,0.0156,no
yulara,15,icp,static,0.8,all,40094,0.7601,0.7381,0.7827,-0.0399,-0.0619,-0.0173,no
yulara,15,icp,static,0.8,clear,21496,0.9293,0.9194,0.9384,0.1293,0.1194,0.1384,no
yulara,15,icp,static,0.8,cloudy,3610,0.7986,0.7686,0.825,-0.0014,-0.0314,0.025,yes
yulara,15,icp,static,0.8,transitional,14988,0.5081,0.4882,0.5296,-0.2919,-0.3118,-0.2704,no
yulara,15,icp_norm,static,0.8,all,40094,0.7767,0.7593,0.7941,-0.0233,-0.0407,-0.0059,no
yulara,15,icp_norm,static,0.8,clear,21496,0.9102,0.9023,0.9177,0.1102,0.1023,0.1177,no
yulara,15,icp_norm,static,0.8,cloudy,3610,0.8748,0.8498,0.8948,0.0748,0.0498,0.0948,no
yulara,15,icp_norm,static,0.8,transitional,14988,0.5617,0.5406,0.5835,-0.2383,-0.2594,-0.2165,no
yulara,15,mondrian,static,0.8,all,40094,0.7919,0.7792,0.8046,-0.0081,-0.0208,0.0046,yes
yulara,15,mondrian,static,0.8,clear,21496,0.8001,0.781,0.8175,0.0001,-0.019,0.0175,yes
yulara,15,mondrian,static,0.8,cloudy,3610,0.8025,0.7729,0.8288,0.0025,-0.0271,0.0288,yes
yulara,15,mondrian,static,0.8,transitional,14988,0.7775,0.7623,0.7936,-0.0225,-0.0377,-0.0064,no
yulara,15,cqr,static,0.8,all,40094,0.8087,0.7993,0.8178,0.0087,-0.0007,0.0178,yes
yulara,15,cqr,static,0.8,clear,21496,0.8315,0.8215,0.8413,0.0315,0.0215,0.0413,no
yulara,15,cqr,static,0.8,cloudy,3610,0.8404,0.8154,0.8619,0.0404,0.0154,0.0619,no
yulara,15,cqr,static,0.8,transitional,14988,0.7683,0.7535,0.7826,-0.0317,-0.0465,-0.0174,no
yulara,15,mondrian_cqr,static,0.8,all,40094,0.8114,0.8024,0.8201,0.0114,0.0024,0.0201,no
yulara,15,mondrian_cqr,static,0.8,clear,21496,0.8212,0.8112,0.8309,0.0212,0.0112,0.0309,no
yulara,15,mondrian_cqr,static,0.8,cloudy,3610,0.8235,0.7976,0.8462,0.0235,-0.0024,0.0462,yes
yulara,15,mondrian_cqr,static,0.8,transitional,14988,0.7945,0.7798,0.8086,-0.0055,-0.0202,0.0086,yes
yulara,15,aci,anticipative,0.8,all,40094,0.8146,0.812,0.8173,0.0146,0.012,0.0173,no
yulara,15,aci,anticipative,0.8,clear,21496,0.8048,0.7993,0.8102,0.0048,-0.0007,0.0102,yes
yulara,15,aci,anticipative,0.8,cloudy,3610,0.8316,0.8156,0.8465,0.0316,0.0156,0.0465,no
yulara,15,aci,anticipative,0.8,transitional,14988,0.8247,0.819,0.8305,0.0247,0.019,0.0305,no
yulara,15,aci_regime,anticipative,0.8,all,40094,0.8068,0.8029,0.8107,0.0068,0.0029,0.0107,no
yulara,15,aci_regime,anticipative,0.8,clear,21496,0.7801,0.7742,0.7861,-0.0199,-0.0258,-0.0139,no
yulara,15,aci_regime,anticipative,0.8,cloudy,3610,0.818,0.8022,0.8317,0.018,0.0022,0.0317,no
yulara,15,aci_regime,anticipative,0.8,transitional,14988,0.8423,0.8372,0.8479,0.0423,0.0372,0.0479,no
yulara,15,aci,delayed,0.8,all,40094,0.8108,0.808,0.8135,0.0108,0.008,0.0135,no
yulara,15,aci,delayed,0.8,clear,21496,0.7999,0.7939,0.8057,-0.0001,-0.0061,0.0057,yes
yulara,15,aci,delayed,0.8,cloudy,3610,0.8252,0.8077,0.8414,0.0252,0.0077,0.0414,no
yulara,15,aci,delayed,0.8,transitional,14988,0.8229,0.8168,0.8291,0.0229,0.0168,0.0291,no
yulara,15,aci_regime,delayed,0.8,all,40094,0.8023,0.7981,0.8065,0.0023,-0.0019,0.0065,yes
yulara,15,aci_regime,delayed,0.8,clear,21496,0.7732,0.7665,0.7797,-0.0268,-0.0335,-0.0203,no
yulara,15,aci_regime,delayed,0.8,cloudy,3610,0.815,0.798,0.8298,0.015,-0.002,0.0298,yes
yulara,15,aci_regime,delayed,0.8,transitional,14988,0.8409,0.8357,0.8467,0.0409,0.0357,0.0467,no
yulara,15,icp,static,0.9,all,40094,0.8755,0.861,0.8902,-0.0245,-0.039,-0.0098,no
yulara,15,icp,static,0.9,clear,21496,0.9779,0.9736,0.9818,0.0779,0.0736,0.0818,no
yulara,15,icp,static,0.9,cloudy,3610,0.931,0.9149,0.9449,0.031,0.0149,0.0449,no
yulara,15,icp,static,0.9,transitional,14988,0.7152,0.6979,0.7337,-0.1848,-0.2021,-0.1663,no
yulara,15,icp_norm,static,0.9,all,40094,0.8886,0.8786,0.8985,-0.0114,-0.0214,-0.0015,no
yulara,15,icp_norm,static,0.9,clear,21496,0.9422,0.9363,0.9479,0.0422,0.0363,0.0479,no
yulara,15,icp_norm,static,0.9,cloudy,3610,0.959,0.9449,0.9696,0.059,0.0449,0.0696,no
yulara,15,icp_norm,static,0.9,transitional,14988,0.7948,0.7784,0.8114,-0.1052,-0.1216,-0.0886,no
yulara,15,mondrian,static,0.9,all,40094,0.8916,0.8831,0.9002,-0.0084,-0.0169,0.0002,yes
yulara,15,mondrian,static,0.9,clear,21496,0.8942,0.8814,0.9058,-0.0058,-0.0186,0.0058,yes
yulara,15,mondrian,static,0.9,cloudy,3610,0.9042,0.8834,0.9219,0.0042,-0.0166,0.0219,yes
yulara,15,mondrian,static,0.9,transitional,14988,0.8848,0.8732,0.8965,-0.0152,-0.0268,-0.0035,no
yulara,15,cqr,static,0.9,all,40094,0.8998,0.8922,0.9069,-0.0002,-0.0078,0.0069,yes
yulara,15,cqr,static,0.9,clear,21496,0.9005,0.8918,0.909,0.0005,-0.0082,0.009,yes
yulara,15,cqr,static,0.9,cloudy,3610,0.9524,0.9403,0.9627,0.0524,0.0403,0.0627,no
yulara,15,cqr,static,0.9,transitional,14988,0.886,0.8734,0.8982,-0.014,-0.0266,-0.0018,no
yulara,15,mondrian_cqr,static,0.9,all,40094,0.8995,0.8923,0.9065,-0.0005,-0.0077,0.0065,yes
yulara,15,mondrian_cqr,static,0.9,clear,21496,0.8994,0.8907,0.9079,-0.0006,-0.0093,0.0079,yes
yulara,15,mondrian_cqr,static,0.9,cloudy,3610,0.915,0.8983,0.9299,0.015,-0.0017,0.0299,yes
yulara,15,mondrian_cqr,static,0.9,transitional,14988,0.896,0.8837,0.9078,-0.004,-0.0163,0.0078,yes
yulara,15,aci,anticipative,0.9,all,40094,0.9187,0.9166,0.9209,0.0187,0.0166,0.0209,no
yulara,15,aci,anticipative,0.9,clear,21496,0.9178,0.9136,0.9219,0.0178,0.0136,0.0219,no
yulara,15,aci,anticipative,0.9,cloudy,3610,0.9269,0.9159,0.937,0.0269,0.0159,0.037,no
yulara,15,aci,anticipative,0.9,transitional,14988,0.9179,0.9144,0.9215,0.0179,0.0144,0.0215,no
yulara,15,aci_regime,anticipative,0.9,all,40094,0.9074,0.9049,0.9099,0.0074,0.0049,0.0099,no
yulara,15,aci_regime,anticipative,0.9,clear,21496,0.8932,0.8892,0.8972,-0.0068,-0.0108,-0.0028,no
yulara,15,aci_regime,anticipative,0.9,cloudy,3610,0.9108,0.8988,0.921,0.0108,-0.0012,0.021,yes
yulara,15,aci_regime,anticipative,0.9,transitional,14988,0.9269,0.9237,0.9303,0.0269,0.0237,0.0303,no
yulara,15,aci,delayed,0.9,all,40094,0.9137,0.9115,0.916,0.0137,0.0115,0.016,no
yulara,15,aci,delayed,0.9,clear,21496,0.9101,0.9055,0.9147,0.0101,0.0055,0.0147,no
yulara,15,aci,delayed,0.9,cloudy,3610,0.9241,0.9116,0.9357,0.0241,0.0116,0.0357,no
yulara,15,aci,delayed,0.9,transitional,14988,0.9164,0.9122,0.9208,0.0164,0.0122,0.0208,no
yulara,15,aci_regime,delayed,0.9,all,40094,0.9001,0.8972,0.9031,0.0001,-0.0028,0.0031,yes
yulara,15,aci_regime,delayed,0.9,clear,21496,0.8832,0.8785,0.8879,-0.0168,-0.0215,-0.0121,no
yulara,15,aci_regime,delayed,0.9,cloudy,3610,0.905,0.8914,0.9166,0.005,-0.0086,0.0166,yes
yulara,15,aci_regime,delayed,0.9,transitional,14988,0.9231,0.9197,0.9269,0.0231,0.0197,0.0269,no
yulara,15,icp,static,0.95,all,40094,0.9363,0.9277,0.9449,-0.0137,-0.0223,-0.0051,no
yulara,15,icp,static,0.95,clear,21496,0.988,0.9853,0.9903,0.038,0.0353,0.0403,no
yulara,15,icp,static,0.95,cloudy,3610,0.9737,0.9649,0.9811,0.0237,0.0149,0.0311,no
yulara,15,icp,static,0.95,transitional,14988,0.8533,0.8405,0.8667,-0.0967,-0.1095,-0.0833,no
yulara,15,icp_norm,static,0.95,all,40094,0.9455,0.94,0.9507,-0.0045,-0.01,0.0007,yes
yulara,15,icp_norm,static,0.95,clear,21496,0.9592,0.9543,0.9639,0.0092,0.0043,0.0139,no
yulara,15,icp_norm,static,0.95,cloudy,3610,0.9817,0.9739,0.9877,0.0317,0.0239,0.0377,no
yulara,15,icp_norm,static,0.95,transitional,14988,0.9171,0.9068,0.9271,-0.0329,-0.0432,-0.0229,no
yulara,15,mondrian,static,0.95,all,40094,0.9414,0.9356,0.9473,-0.0086,-0.0144,-0.0027,no
yulara,15,mondrian,static,0.95,clear,21496,0.9445,0.936,0.9521,-0.0055,-0.014,0.0021,yes
yulara,15,mondrian,static,0.95,cloudy,3610,0.9457,0.9323,0.9571,-0.0043,-0.0177,0.0071,yes
yulara,15,mondrian,static,0.95,transitional,14988,0.936,0.9278,0.9441,-0.014,-0.0222,-0.0059,no
yulara,15,cqr,static,0.95,all,40094,0.9512,0.9453,0.9567,0.0012,-0.0047,0.0067,yes
yulara,15,cqr,static,0.95,clear,21496,0.9415,0.9341,0.9487,-0.0085,-0.0159,-0.0013,no
yulara,15,cqr,static,0.95,cloudy,3610,0.9934,0.9898,0.9962,0.0434,0.0398,0.0462,no
yulara,15,cqr,static,0.95,transitional,14988,0.955,0.9457,0.9635,0.005,-0.0043,0.0135,yes
yulara,15,mondrian_cqr,static,0.95,all,40094,0.9509,0.9451,0.9563,0.0009,-0.0049,0.0063,yes
yulara,15,mondrian_cqr,static,0.95,clear,21496,0.9493,0.9424,0.956,-0.0007,-0.0076,0.006,yes
yulara,15,mondrian_cqr,static,0.95,cloudy,3610,0.9657,0.9563,0.9741,0.0157,0.0063,0.0241,no
yulara,15,mondrian_cqr,static,0.95,transitional,14988,0.9498,0.9399,0.9588,-0.0002,-0.0101,0.0088,yes
yulara,15,aci,anticipative,0.95,all,40094,0.9668,0.9651,0.9684,0.0168,0.0151,0.0184,no
yulara,15,aci,anticipative,0.95,clear,21496,0.9691,0.9664,0.9716,0.0191,0.0164,0.0216,no
yulara,15,aci,anticipative,0.95,cloudy,3610,0.9695,0.9625,0.976,0.0195,0.0125,0.026,no
yulara,15,aci,anticipative,0.95,transitional,14988,0.9627,0.9605,0.9649,0.0127,0.0105,0.0149,no
yulara,15,aci_regime,anticipative,0.95,all,40094,0.9561,0.9544,0.9578,0.0061,0.0044,0.0078,no
yulara,15,aci_regime,anticipative,0.95,clear,21496,0.9492,0.9465,0.9519,-0.0008,-0.0035,0.0019,yes
yulara,15,aci_regime,anticipative,0.95,cloudy,3610,0.9571,0.9496,0.9636,0.0071,-0.0004,0.0136,yes
yulara,15,aci_regime,anticipative,0.95,transitional,14988,0.9658,0.9638,0.9679,0.0158,0.0138,0.0179,no
yulara,15,aci,delayed,0.95,all,40094,0.9619,0.9601,0.9637,0.0119,0.0101,0.0137,no
yulara,15,aci,delayed,0.95,clear,21496,0.9626,0.9594,0.9656,0.0126,0.0094,0.0156,no
yulara,15,aci,delayed,0.95,cloudy,3610,0.9676,0.9596,0.9753,0.0176,0.0096,0.0253,no
yulara,15,aci,delayed,0.95,transitional,14988,0.9595,0.9566,0.9624,0.0095,0.0066,0.0124,no
yulara,15,aci_regime,delayed,0.95,all,40094,0.9483,0.9462,0.9504,-0.0017,-0.0038,0.0004,yes
yulara,15,aci_regime,delayed,0.95,clear,21496,0.9392,0.9358,0.9425,-0.0108,-0.0142,-0.0075,no
yulara,15,aci_regime,delayed,0.95,cloudy,3610,0.9482,0.9378,0.9567,-0.0018,-0.0122,0.0067,yes
yulara,15,aci_regime,delayed,0.95,transitional,14988,0.9614,0.959,0.9639,0.0114,0.009,0.0139,no
yulara,30,icp,static,0.8,all,38960,0.7527,0.7287,0.7772,-0.0473,-0.0713,-0.0228,no
yulara,30,icp,static,0.8,clear,20991,0.9361,0.9254,0.9458,0.1361,0.1254,0.1458,no
yulara,30,icp,static,0.8,cloudy,3497,0.7052,0.6641,0.7432,-0.0948,-0.1359,-0.0568,no
yulara,30,icp,static,0.8,transitional,14472,0.4981,0.477,0.5206,-0.3019,-0.323,-0.2794,no
yulara,30,icp_norm,static,0.8,all,38960,0.7732,0.7552,0.7913,-0.0268,-0.0448,-0.0087,no
yulara,30,icp_norm,static,0.8,clear,20991,0.9064,0.8986,0.9138,0.1064,0.0986,0.1138,no
yulara,30,icp_norm,static,0.8,cloudy,3497,0.8173,0.7834,0.845,0.0173,-0.0166,0.045,yes
yulara,30,icp_norm,static,0.8,transitional,14472,0.5693,0.5466,0.5925,-0.2307,-0.2534,-0.2075,no
yulara,30,mondrian,static,0.8,all,38960,0.7884,0.7745,0.8024,-0.0116,-0.0255,0.0024,yes
yulara,30,mondrian,static,0.8,clear,20991,0.8037,0.7841,0.8217,0.0037,-0.0159,0.0217,yes
yulara,30,mondrian,static,0.8,cloudy,3497,0.789,0.7553,0.8199,-0.011,-0.0447,0.0199,yes
yulara,30,mondrian,static,0.8,transitional,14472,0.766,0.7482,0.7843,-0.034,-0.0518,-0.0157,no
yulara,30,cqr,static,0.8,all,38960,0.8152,0.8051,0.8252,0.0152,0.0051,0.0252,no
yulara,30,cqr,static,0.8,clear,20991,0.837,0.8268,0.8468,0.037,0.0268,0.0468,no
yulara,30,cqr,static,0.8,cloudy,3497,0.8433,0.8165,0.8659,0.0433,0.0165,0.0659,no
yulara,30,cqr,static,0.8,transitional,14472,0.7769,0.7603,0.793,-0.0231,-0.0397,-0.007,no
yulara,30,mondrian_cqr,static,0.8,all,38960,0.8157,0.8057,0.8254,0.0157,0.0057,0.0254,no
yulara,30,mondrian_cqr,static,0.8,clear,20991,0.8298,0.8194,0.8398,0.0298,0.0194,0.0398,no
yulara,30,mondrian_cqr,static,0.8,cloudy,3497,0.8007,0.7665,0.8298,0.0007,-0.0335,0.0298,yes
yulara,30,mondrian_cqr,static,0.8,transitional,14472,0.7989,0.7828,0.8145,-0.0011,-0.0172,0.0145,yes
yulara,30,aci,anticipative,0.8,all,38960,0.819,0.8163,0.8218,0.019,0.0163,0.0218,no
yulara,30,aci,anticipative,0.8,clear,20991,0.8055,0.7996,0.8113,0.0055,-0.0004,0.0113,yes
yulara,30,aci,anticipative,0.8,cloudy,3497,0.8256,0.808,0.8412,0.0256,0.008,0.0412,no
yulara,30,aci,anticipative,0.8,transitional,14472,0.8371,0.8315,0.843,0.0371,0.0315,0.043,no
yulara,30,aci_regime,anticipative,0.8,all,38960,0.8089,0.805,0.8128,0.0089,0.005,0.0128,no
yulara,30,aci_regime,anticipative,0.8,clear,20991,0.7813,0.7751,0.7874,-0.0187,-0.0249,-0.0126,no
yulara,30,aci_regime,anticipative,0.8,cloudy,3497,0.8201,0.8011,0.8363,0.0201,0.0011,0.0363,no
yulara,30,aci_regime,anticipative,0.8,transitional,14472,0.8463,0.8408,0.8521,0.0463,0.0408,0.0521,no
yulara,30,aci,delayed,0.8,all,38960,0.8093,0.806,0.8126,0.0093,0.006,0.0126,no
yulara,30,aci,delayed,0.8,clear,20991,0.7915,0.7842,0.7985,-0.0085,-0.0158,-0.0015,no
yulara,30,aci,delayed,0.8,cloudy,3497,0.827,0.8058,0.8462,0.027,0.0058,0.0462,no
yulara,30,aci,delayed,0.8,transitional,14472,0.8308,0.8231,0.8388,0.0308,0.0231,0.0388,no
yulara,30,aci_regime,delayed,0.8,all,38960,0.7962,0.7916,0.8009,-0.0038,-0.0084,0.0009,yes
yulara,30,aci_regime,delayed,0.8,clear,20991,0.7636,0.7559,0.7709,-0.0364,-0.0441,-0.0291,no
yulara,30,aci_regime,delayed,0.8,cloudy,3497,0.8098,0.7894,0.8271,0.0098,-0.0106,0.0271,yes
yulara,30,aci_regime,delayed,0.8,transitional,14472,0.8402,0.834,0.8467,0.0402,0.034,0.0467,no
yulara,30,icp,static,0.9,all,38960,0.8721,0.8568,0.8876,-0.0279,-0.0432,-0.0124,no
yulara,30,icp,static,0.9,clear,20991,0.9748,0.9695,0.9794,0.0748,0.0695,0.0794,no
yulara,30,icp,static,0.9,cloudy,3497,0.8942,0.8708,0.9148,-0.0058,-0.0292,0.0148,yes
yulara,30,icp,static,0.9,transitional,14472,0.7178,0.6986,0.7375,-0.1822,-0.2014,-0.1625,no
yulara,30,icp_norm,static,0.9,all,38960,0.8891,0.879,0.8992,-0.0109,-0.021,-0.0008,no
yulara,30,icp_norm,static,0.9,clear,20991,0.9402,0.9344,0.9458,0.0402,0.0344,0.0458,no
yulara,30,icp_norm,static,0.9,cloudy,3497,0.9457,0.9277,0.9594,0.0457,0.0277,0.0594,no
yulara,30,icp_norm,static,0.9,transitional,14472,0.8014,0.7833,0.8191,-0.0986,-0.1167,-0.0809,no
yulara,30,mondrian,static,0.9,all,38960,0.8914,0.8819,0.9009,-0.0086,-0.0181,0.0009,yes
yulara,30,mondrian,static,0.9,clear,20991,0.8958,0.8821,0.9086,-0.0042,-0.0179,0.0086,yes
yulara,30,mondrian,static,0.9,cloudy,3497,0.8959,0.8728,0.9162,-0.0041,-0.0272,0.0162,yes
yulara,30,mondrian,static,0.9,transitional,14472,0.8839,0.8711,0.8971,-0.0161,-0.0289,-0.0029,no
yulara,30,cqr,static,0.9,all,38960,0.9054,0.8976,0.9128,0.0054,-0.0024,0.0128,yes
yulara,30,cqr,static,0.9,clear,20991,0.9038,0.8947,0.9125,0.0038,-0.0053,0.0125,yes
yulara,30,cqr,static,0.9,cloudy,3497,0.9525,0.9398,0.9639,0.0525,0.0398,0.0639,no
yulara,30,cqr,static,0.9,transitional,14472,0.8964,0.8831,0.909,-0.0036,-0.0169,0.009,yes
yulara,30,mondrian_cqr,static,0.9,all,38960,0.9046,0.8969,0.912,0.0046,-0.0031,0.012,yes
yulara,30,mondrian_cqr,static,0.9,clear,20991,0.9043,0.8952,0.9129,0.0043,-0.0048,0.0129,yes
yulara,30,mondrian_cqr,static,0.9,cloudy,3497,0.9108,0.8852,0.9315,0.0108,-0.0148,0.0315,yes
yulara,30,mondrian_cqr,static,0.9,transitional,14472,0.9035,0.8907,0.9157,0.0035,-0.0093,0.0157,yes
yulara,30,aci,anticipative,0.9,all,38960,0.9224,0.9202,0.9248,0.0224,0.0202,0.0248,no
yulara,30,aci,anticipative,0.9,clear,20991,0.9193,0.9149,0.9234,0.0193,0.0149,0.0234,no
yulara,30,aci,anticipative,0.9,cloudy,3497,0.9242,0.9138,0.9339,0.0242,0.0138,0.0339,no
yulara,30,aci,anticipative,0.9,transitional,14472,0.9265,0.9232,0.9301,0.0265,0.0232,0.0301,no
yulara,30,aci_regime,anticipative,0.9,all,38960,0.9111,0.9085,0.9136,0.0111,0.0085,0.0136,no
yulara,30,aci_regime,anticipative,0.9,clear,20991,0.8962,0.892,0.9003,-0.0038,-0.008,0.0003,yes
yulara,30,aci_regime,anticipative,0.9,cloudy,3497,0.9182,0.9068,0.9283,0.0182,0.0068,0.0283,no
yulara,30,aci_regime,anticipative,0.9,transitional,14472,0.9309,0.9276,0.9346,0.0309,0.0276,0.0346,no
yulara,30,aci,delayed,0.9,all,38960,0.91,0.9072,0.9128,0.01,0.0072,0.0128,no
yulara,30,aci,delayed,0.9,clear,20991,0.9008,0.8948,0.9065,0.0008,-0.0052,0.0065,yes
yulara,30,aci,delayed,0.9,cloudy,3497,0.9208,0.9056,0.9343,0.0208,0.0056,0.0343,no
yulara,30,aci,delayed,0.9,transitional,14472,0.9207,0.9152,0.9265,0.0207,0.0152,0.0265,no
yulara,30,aci_regime,delayed,0.9,all,38960,0.8925,0.8887,0.8961,-0.0075,-0.0113,-0.0039,no
yulara,30,aci_regime,delayed,0.9,clear,20991,0.8696,0.8632,0.8756,-0.0304,-0.0368,-0.0244,no
yulara,30,aci_regime,delayed,0.9,cloudy,3497,0.9036,0.888,0.917,0.0036,-0.012,0.017,yes
yulara,30,aci_regime,delayed,0.9,transitional,14472,0.923,0.9186,0.9275,0.023,0.0186,0.0275,no
yulara,30,icp,static,0.95,all,38960,0.9356,0.9264,0.9448,-0.0144,-0.0236,-0.0052,no
yulara,30,icp,static,0.95,clear,20991,0.9849,0.9813,0.988,0.0349,0.0313,0.038,no
yulara,30,icp,static,0.95,cloudy,3497,0.9591,0.9452,0.9705,0.0091,-0.0048,0.0205,yes
yulara,30,icp,static,0.95,transitional,14472,0.8586,0.8445,0.8733,-0.0914,-0.1055,-0.0767,no
yulara,30,icp_norm,static,0.95,all,38960,0.9475,0.9418,0.9529,-0.0025,-0.0082,0.0029,yes
yulara,30,icp_norm,static,0.95,clear,20991,0.9583,0.9536,0.9629,0.0083,0.0036,0.0129,no
yulara,30,icp_norm,static,0.95,cloudy,3497,0.974,0.9624,0.983,0.024,0.0124,0.033,no
yulara,30,icp_norm,static,0.95,transitional,14472,0.9254,0.9143,0.9363,-0.0246,-0.0357,-0.0137,no
yulara,30,mondrian,static,0.95,all,38960,0.9424,0.9356,0.9491,-0.0076,-0.0144,-0.0009,no
yulara,30,mondrian,static,0.95,clear,20991,0.9426,0.9326,0.9518,-0.0074,-0.0174,0.0018,yes
yulara,30,mondrian,static,0.95,cloudy,3497,0.9528,0.9384,0.9648,0.0028,-0.0116,0.0148,yes
yulara,30,mondrian,static,0.95,transitional,14472,0.9397,0.9301,0.949,-0.0103,-0.0199,-0.001,no
yulara,30,cqr,static,0.95,all,38960,0.9514,0.9454,0.9569,0.0014,-0.0046,0.0069,yes
yulara,30,cqr,static,0.95,clear,20991,0.9425,0.9354,0.9496,-0.0075,-0.0146,-0.0004,no
yulara,30,cqr,static,0.95,cloudy,3497,0.9908,0.9855,0.9951,0.0408,0.0355,0.0451,no
yulara,30,cqr,static,0.95,transitional,14472,0.9547,0.9447,0.9638,0.0047,-0.0053,0.0138,yes
yulara,30,mondrian_cqr,static,0.95,all,38960,0.9513,0.9454,0.9568,0.0013,-0.0046,0.0068,yes
yulara,30,mondrian_cqr,static,0.95,clear,20991,0.9513,0.9448,0.9576,0.0013,-0.0052,0.0076,yes
yulara,30,mondrian_cqr,static,0.95,cloudy,3497,0.9623,0.9483,0.9746,0.0123,-0.0017,0.0246,yes
yulara,30,mondrian_cqr,static,0.95,transitional,14472,0.9487,0.9377,0.9588,-0.0013,-0.0123,0.0088,yes
yulara,30,aci,anticipative,0.95,all,38960,0.9695,0.9677,0.9713,0.0195,0.0177,0.0213,no
yulara,30,aci,anticipative,0.95,clear,20991,0.9721,0.9692,0.9749,0.0221,0.0192,0.0249,no
yulara,30,aci,anticipative,0.95,cloudy,3497,0.9668,0.9601,0.9731,0.0168,0.0101,0.0231,no
yulara,30,aci,anticipative,0.95,transitional,14472,0.9663,0.9642,0.9685,0.0163,0.0142,0.0185,no
yulara,30,aci_regime,anticipative,0.95,all,38960,0.959,0.9574,0.9607,0.009,0.0074,0.0107,no
yulara,30,aci_regime,anticipative,0.95,clear,20991,0.9519,0.9492,0.9546,0.0019,-0.0008,0.0046,yes
yulara,30,aci_regime,anticipative,0.95,cloudy,3497,0.9625,0.9561,0.9687,0.0125,0.0061,0.0187,no
yulara,30,aci_regime,anticipative,0.95,transitional,14472,0.9684,0.9663,0.9707,0.0184,0.0163,0.0207,no
yulara,30,aci,delayed,0.95,all,38960,0.9558,0.9533,0.9583,0.0058,0.0033,0.0083,no
yulara,30,aci,delayed,0.95,clear,20991,0.9502,0.9451,0.955,0.0002,-0.0049,0.005,yes
yulara,30,aci,delayed,0.95,cloudy,3497,0.9611,0.9513,0.9702,0.0111,0.0013,0.0202,no
yulara,30,aci,delayed,0.95,transitional,14472,0.9625,0.9588,0.9665,0.0125,0.0088,0.0165,no
yulara,30,aci_regime,delayed,0.95,all,38960,0.9378,0.9349,0.9408,-0.0122,-0.0151,-0.0092,no
yulara,30,aci_regime,delayed,0.95,clear,20991,0.9213,0.9163,0.9262,-0.0287,-0.0337,-0.0238,no
yulara,30,aci_regime,delayed,0.95,cloudy,3497,0.9482,0.9365,0.9586,-0.0018,-0.0135,0.0086,yes
yulara,30,aci_regime,delayed,0.95,transitional,14472,0.9592,0.9556,0.9628,0.0092,0.0056,0.0128,no
